episode,reward,avg10,epsilon,states,transitions
16,-246.4,-246.4,0.4615,31,1100
17,-240.7,-243.5,0.4592,32,1600
18,-239.8,-242.3,0.4569,32,2100
19,-243.1,-242.5,0.4546,32,2600
20,-244.9,-243.0,0.4523,32,3100
21,-674.0,-314.8,0.45,43,3600
22,2.8,-269.4,0.4478,85,4100
23,143.2,-217.9,0.4456,145,4600
24,66.2,-186.3,0.4433,147,5100
25,-212.2,-188.9,0.4411,147,5600
26,382.7,-126.0,0.4389,149,6100
27,336.4,-68.3,0.4367,153,6600
28,199.1,-24.4,0.4345,154,7100
29,50.9,5.0,0.4324,157,7600
30,-244.0,5.1,0.4302,157,8100
31,-250.0,47.5,0.428,157,8600
32,-7424.1,-695.2,0.4259,158,9100
33,-12749.4,-1984.4,0.4238,159,9600
34,-12750.0,-3266.1,0.4217,159,10100
35,-12748.8,-4519.7,0.4195,161,10600
36,-12747.0,-5832.7,0.4174,161,11100
37,-7251.1,-6591.4,0.4154,190,11600
38,-186.7,-6630.0,0.4133,204,12100
39,-135.4,-6648.6,0.4112,220,12600
40,-106.2,-6634.9,0.4092,221,13100
41,203.9,-6589.5,0.4071,291,13600
42,70.7,-5840.0,0.4051,345,14100
43,-133.1,-4578.4,0.4031,365,14600
44,-442.7,-3347.6,0.401,396,15100
45,186.7,-2054.1,0.399,476,15600
46,145.5,-764.8,0.397,567,16100
47,85.3,-31.2,0.3951,629,16600
48,350.7,22.5,0.3931,703,17100
49,-197.4,16.3,0.3911,707,17600
50,-207.1,6.3,0.3892,710,18100
51,-258.2,-40.0,0.3872,713,18600
52,-239.2,-70.9,0.3853,714,19100
53,-242.8,-81.9,0.3833,714,19600
54,-235.6,-61.2,0.3814,715,20100
55,-245.5,-104.4,0.3795,715,20600
56,-244.3,-143.4,0.3776,715,21100
57,-245.5,-176.5,0.3757,715,21600
58,-337.5,-245.3,0.3739,717,22100
59,-1604.9,-386.1,0.372,753,22600
60,99.2,-355.4,0.3701,807,23100
61,-96.8,-339.3,0.3683,809,23600
62,-249.4,-340.3,0.3664,810,24100
63,-248.7,-340.9,0.3646,812,24600
64,-250.0,-342.3,0.3628,812,25100
65,-248.8,-342.7,0.361,813,25600
66,-245.5,-342.8,0.3592,815,26100
67,-246.4,-342.9,0.3574,815,26600
68,-244.6,-333.6,0.3556,815,27100
69,-244.3,-197.5,0.3538,816,27600
70,-241.6,-231.6,0.352,816,28100
71,-243.7,-246.3,0.3503,816,28600
72,-245.8,-245.9,0.3485,816,29100
73,-243.4,-245.4,0.3468,817,29600
74,-240.1,-244.4,0.345,817,30100
75,-245.5,-244.1,0.3433,817,30600
76,-245.2,-244.1,0.3416,818,31100
77,-3268.7,-546.3,0.3399,820,31600
78,-12748.2,-1796.7,0.3382,820,32100
79,-12744.6,-3046.7,0.3365,822,32600
80,-12735.9,-4296.1,0.3348,822,33100
81,409.3,-4230.8,0.3331,916,33600
82,102.9,-4195.9,0.3315,935,34100
83,180.4,-4153.6,0.3298,945,34600
84,892.5,-4040.3,0.3282,978,35100
85,1828.4,-3832.9,0.3265,982,35600
86,1202.2,-3688.2,0.3249,1073,36100
87,8.5,-3360.5,0.3233,1087,36600
88,-189.3,-2104.6,0.3217,1089,37100
89,-147.2,-844.8,0.3201,1090,37600
90,-168.4,411.9,0.3185,1090,38100
91,-181.9,352.8,0.3169,1090,38600
92,-172.6,325.3,0.3153,1092,39100
93,10.3,308.2,0.3137,1092,39600
94,137.1,232.7,0.3121,1096,40100
95,190.4,68.9,0.3106,1100,40600
96,229.7,-28.3,0.309,1100,41100
97,-207.3,-49.9,0.3075,1100,41600
98,-116.4,-42.6,0.3059,1102,42100
99,588.5,30.9,0.3044,1112,42600
100,1733.4,221.1,0.3029,1112,43100
101,1907.1,430.0,0.3014,1112,43600
102,1489.8,596.3,0.2999,1112,44100
103,-185.5,576.7,0.2984,1116,44600
104,5.6,563.5,0.2969,1116,45100
105,49.5,549.4,0.2954,1118,45600
106,-186.4,507.8,0.2939,1118,46100
107,-120.1,516.5,0.2924,1118,46600
108,-66.5,521.5,0.291,1121,47100
109,-120.4,450.6,0.2895,1123,47600
110,-87.7,268.5,0.2881,1123,48100
111,-109.2,66.9,0.2866,1124,48600
112,-200.4,-102.1,0.2852,1124,49100
113,-244.3,-108.0,0.2838,1124,49600
114,-246.4,-133.2,0.2824,1124,50100
115,-246.7,-162.8,0.2809,1124,50600
116,-248.2,-248.2,0.2795,1126,51100
117,-244.0,-246.1,0.2781,1126,51600
118,-242.5,-244.9,0.2768,1126,52100
119,-246.1,-245.2,0.2754,1126,52600
120,-246.1,-245.4,0.274,1126,53100
121,-248.8,-245.9,0.2726,1126,53600
122,-241.9,-245.4,0.2713,1126,54100
123,-242.2,-245.0,0.2699,1126,54600
124,-244.6,-244.9,0.2686,1126,55100
125,-242.5,-244.7,0.2672,1126,55600
126,-238.0,-238.0,0.2659,1130,56100
127,-243.7,-240.8,0.2645,1131,56600
128,-247.3,-243.0,0.2632,1131,57100
129,-247.3,-244.1,0.2619,1131,57600
130,-245.5,-244.4,0.2606,1131,58100
131,-242.5,-244.0,0.2593,1132,58600
132,-243.4,-244.0,0.258,1132,59100
133,-239.8,-243.4,0.2567,1132,59600
134,-240.4,-243.1,0.2554,1133,60100
135,-235.9,-242.4,0.2541,1133,60600
136,-236.2,-242.2,0.2529,1133,61100
137,-244.6,-242.3,0.2516,1133,61600
138,-240.1,-241.6,0.2504,1133,62100
139,-238.3,-240.7,0.2491,1133,62600
140,-233.8,-239.5,0.2479,1133,63100
141,-240.4,-239.3,0.2466,1133,63600
142,-248.8,-239.8,0.2454,1133,64100
143,-245.8,-240.4,0.2442,1133,64600
144,-248.2,-241.2,0.2429,1133,65100
145,-242.2,-241.8,0.2417,1134,65600
146,-246.7,-242.9,0.2405,1134,66100
147,-235.9,-242.0,0.2393,1136,66600
148,-236.8,-241.7,0.2381,1136,67100
149,-240.4,-241.9,0.2369,1136,67600
150,-238.3,-242.3,0.2357,1136,68100
151,-249.1,-243.2,0.2346,1136,68600
152,-244.3,-242.8,0.2334,1137,69100
153,-242.8,-242.5,0.2322,1137,69600
154,-244.6,-242.1,0.2311,1137,70100
155,-239.5,-241.8,0.2299,1137,70600
156,-222.4,-239.4,0.2288,1137,71100
157,-212.2,-237.0,0.2276,1137,71600
158,-212.5,-234.6,0.2265,1137,72100
159,-206.2,-231.2,0.2253,1137,72600
160,-237.1,-231.1,0.2242,1137,73100
161,-236.8,-229.8,0.2231,1137,73600
162,-245.2,-229.9,0.222,1137,74100
163,-242.2,-229.9,0.2209,1137,74600
164,-240.7,-229.5,0.2198,1137,75100
165,-244.0,-229.9,0.2187,1137,75600
166,-238.6,-231.5,0.2176,1137,76100
167,-242.2,-234.5,0.2165,1137,76600
168,-237.1,-237.0,0.2154,1137,77100
169,-240.4,-240.4,0.2143,1137,77600
170,-245.5,-241.3,0.2133,1137,78100
171,-241.9,-241.8,0.2122,1137,78600
172,-235.0,-240.8,0.2111,1137,79100
173,-242.8,-240.8,0.2101,1137,79600
174,-239.5,-240.7,0.209,1137,80100
175,-241.6,-240.5,0.208,1137,80600
176,-242.5,-240.8,0.2069,1137,81100
177,-243.7,-241.0,0.2059,1137,81600
178,-232.9,-240.6,0.2049,1137,82100
179,-234.1,-239.9,0.2038,1137,82600
180,-231.7,-238.6,0.2028,1137,83100
181,-241.9,-238.6,0.2018,1137,83600
182,-237.7,-238.8,0.2008,1137,84100
183,-233.5,-237.9,0.1998,1137,84600
184,-234.4,-237.4,0.1988,1137,85100
185,-237.4,-237.0,0.1978,1137,85600
186,-243.4,-237.1,0.1968,1137,86100
187,-234.7,-236.2,0.1958,1137,86600
188,-238.6,-236.7,0.1949,1137,87100
189,-235.0,-236.8,0.1939,1137,87600
190,-233.8,-237.0,0.1929,1137,88100
191,-236.5,-236.5,0.1919,1137,88600
192,-237.1,-236.4,0.191,1137,89100
193,-232.0,-236.3,0.19,1137,89600
194,-236.5,-236.5,0.1891,1137,90100
195,-238.9,-236.6,0.1881,1137,90600
196,-238.9,-236.2,0.1872,1137,91100
197,-235.6,-236.3,0.1863,1137,91600
198,-232.9,-235.7,0.1853,1137,92100
199,-234.1,-235.6,0.1844,1137,92600
200,-234.4,-235.7,0.1835,1137,93100
201,-234.7,-235.5,0.1826,1137,93600
202,-240.7,-235.9,0.1816,1137,94100
203,-233.5,-236.0,0.1807,1137,94600
204,-237.7,-236.1,0.1798,1137,95100
205,-236.5,-235.9,0.1789,1137,95600
206,-69.5,-219.0,0.178,1215,96100
207,-238.0,-219.2,0.1772,1218,96600
208,-237.4,-219.6,0.1763,1219,97100
209,-247.6,-221.0,0.1754,1220,97600
210,-242.2,-221.8,0.1745,1220,98100
211,-245.8,-222.9,0.1736,1220,98600
212,-255.2,-224.3,0.1728,1226,99100
213,-245.5,-225.5,0.1719,1230,99600
214,-143.3,-216.1,0.171,1263,100100
215,-176.4,-210.1,0.1702,1272,100600
216,-2100.4,-413.2,0.1693,1315,101100
217,1595.7,-229.8,0.1685,1368,101600
218,1511.0,-55.0,0.1676,1369,102100
219,-250.0,-55.2,0.1668,1369,102600
220,-250.0,-56.0,0.166,1369,103100
221,-250.0,-56.4,0.1651,1369,103600
222,-259.4,-56.8,0.1643,1371,104100
223,-250.0,-57.3,0.1635,1371,104600
224,-250.0,-68.0,0.1627,1371,105100
225,-250.0,-75.3,0.1619,1371,105600
226,-250.0,-250.0,0.1611,1371,106100
227,-250.0,-250.0,0.1603,1371,106600
228,-250.0,-250.0,0.1595,1371,107100
229,-250.0,-250.0,0.1587,1371,107600
230,-250.0,-250.0,0.1579,1371,108100
231,-250.0,-250.0,0.1571,1371,108600
232,-250.0,-250.0,0.1563,1371,109100
233,-250.0,-250.0,0.1555,1371,109600
234,-250.0,-250.0,0.1547,1371,110100
235,-250.0,-250.0,0.154,1371,110600
236,-250.0,-250.0,0.1532,1371,111100
237,-250.0,-250.0,0.1524,1371,111600
238,-250.0,-250.0,0.1517,1371,112100
239,-250.0,-250.0,0.1509,1371,112600
240,-250.0,-250.0,0.1501,1371,113100
241,-250.0,-250.0,0.1494,1371,113600
242,-250.0,-250.0,0.1486,1371,114100
243,-250.0,-250.0,0.1479,1371,114600
244,-250.0,-250.0,0.1472,1371,115100
245,-250.0,-250.0,0.1464,1371,115600
246,-250.0,-250.0,0.1457,1371,116100
247,-250.0,-250.0,0.145,1371,116600
248,-250.0,-250.0,0.1442,1371,117100
249,-250.0,-250.0,0.1435,1371,117600
250,-250.0,-250.0,0.1428,1371,118100
251,-250.0,-250.0,0.1421,1371,118600
252,-250.0,-250.0,0.1414,1371,119100
253,-250.0,-250.0,0.1407,1371,119600
254,-250.0,-250.0,0.14,1371,120100
255,-250.0,-250.0,0.1393,1371,120600
256,-250.0,-250.0,0.1386,1371,121100
257,-250.0,-250.0,0.1379,1371,121600
258,-250.0,-250.0,0.1372,1371,122100
259,-250.0,-250.0,0.1365,1371,122600
260,-250.0,-250.0,0.1358,1371,123100
261,-250.0,-250.0,0.1351,1371,123600
262,-250.0,-250.0,0.1345,1371,124100
263,-250.0,-250.0,0.1338,1371,124600
264,-250.0,-250.0,0.1331,1371,125100
265,-250.0,-250.0,0.1325,1371,125600
266,-250.0,-250.0,0.1318,1371,126100
267,-250.0,-250.0,0.1311,1371,126600
268,-250.0,-250.0,0.1305,1371,127100
269,-250.0,-250.0,0.1298,1371,127600
270,-250.0,-250.0,0.1292,1371,128100
271,-250.0,-250.0,0.1285,1371,128600
272,-250.0,-250.0,0.1279,1371,129100
273,-250.0,-250.0,0.1273,1371,129600
274,-250.0,-250.0,0.1266,1371,130100
275,-250.0,-250.0,0.126,1371,130600
276,-250.0,-250.0,0.1254,1371,131100
277,-250.0,-250.0,0.1247,1371,131600
278,-250.0,-250.0,0.1241,1371,132100
279,-250.0,-250.0,0.1235,1371,132600
280,-250.0,-250.0,0.1229,1371,133100
281,-250.0,-250.0,0.1223,1371,133600
282,-250.0,-250.0,0.1216,1371,134100
283,-250.0,-250.0,0.121,1371,134600
284,-250.0,-250.0,0.1204,1371,135100
285,-250.0,-250.0,0.1198,1371,135600
286,-250.0,-250.0,0.1192,1371,136100
287,-250.0,-250.0,0.1186,1371,136600
288,-250.0,-250.0,0.118,1371,137100
289,-250.0,-250.0,0.1174,1371,137600
290,-250.0,-250.0,0.1169,1371,138100
291,-250.0,-250.0,0.1163,1371,138600
292,-250.0,-250.0,0.1157,1371,139100
293,-250.0,-250.0,0.1151,1371,139600
294,-250.0,-250.0,0.1145,1371,140100
295,-250.0,-250.0,0.114,1371,140600
296,-250.0,-250.0,0.1134,1371,141100
297,-250.0,-250.0,0.1128,1371,141600
298,-250.0,-250.0,0.1123,1371,142100
299,-250.0,-250.0,0.1117,1371,142600
300,-250.0,-250.0,0.1111,1371,143100
301,-250.0,-250.0,0.1106,1371,143600
302,-250.0,-250.0,0.11,1371,144100
303,-250.0,-250.0,0.1095,1371,144600
304,-250.0,-250.0,0.1089,1371,145100
305,-250.0,-250.0,0.1084,1371,145600
306,-250.0,-250.0,0.1079,1371,146100
307,-250.0,-250.0,0.1073,1371,146600
308,-250.0,-250.0,0.1068,1371,147100
309,-250.0,-250.0,0.1062,1371,147600
310,-250.0,-250.0,0.1057,1371,148100
311,-250.0,-250.0,0.1052,1371,148600
312,-250.0,-250.0,0.1047,1371,149100
313,-250.0,-250.0,0.1041,1371,149600
314,-250.0,-250.0,0.1036,1371,150100
315,-250.0,-250.0,0.1031,1371,150600
316,-250.0,-250.0,0.1026,1371,151100
317,-250.0,-250.0,0.1021,1371,151600
318,-250.0,-250.0,0.1016,1371,152100
319,-250.0,-250.0,0.101,1371,152600
320,-250.0,-250.0,0.1005,1371,153100
321,-250.0,-250.0,0.1,1371,153600
322,-250.0,-250.0,0.0995,1371,154100
323,-250.0,-250.0,0.099,1371,154600
324,-250.0,-250.0,0.0985,1371,155100
325,-250.0,-250.0,0.0981,1371,155600
326,-250.0,-250.0,0.0976,1371,156100
327,-250.0,-250.0,0.0971,1371,156600
328,-250.0,-250.0,0.0966,1371,157100
329,-250.0,-250.0,0.0961,1371,157600
330,-250.0,-250.0,0.0956,1371,158100
331,-250.0,-250.0,0.0952,1371,158600
332,-250.0,-250.0,0.0947,1371,159100
333,-250.0,-250.0,0.0942,1371,159600
334,-250.0,-250.0,0.0937,1371,160100
335,-250.0,-250.0,0.0933,1371,160600
336,-250.0,-250.0,0.0928,1371,161100
337,-250.0,-250.0,0.0923,1371,161600
338,-250.0,-250.0,0.0919,1371,162100
339,-250.0,-250.0,0.0914,1371,162600
340,-250.0,-250.0,0.091,1371,163100
341,-250.0,-250.0,0.0905,1371,163600
342,-250.0,-250.0,0.09,1371,164100
343,-250.0,-250.0,0.0896,1371,164600
344,-250.0,-250.0,0.0891,1371,165100
345,-250.0,-250.0,0.0887,1371,165600
346,-250.0,-250.0,0.0883,1371,166100
347,-250.0,-250.0,0.0878,1371,166600
348,-250.0,-250.0,0.0874,1371,167100
349,-250.0,-250.0,0.0869,1371,167600
350,-250.0,-250.0,0.0865,1371,168100
351,-250.0,-250.0,0.0861,1371,168600
352,-250.0,-250.0,0.0856,1371,169100
353,-250.0,-250.0,0.0852,1371,169600
354,-250.0,-250.0,0.0848,1371,170100
355,-250.0,-250.0,0.0844,1371,170600
356,-250.0,-250.0,0.0839,1371,171100
357,-250.0,-250.0,0.0835,1371,171600
358,-250.0,-250.0,0.0831,1371,172100
359,-250.0,-250.0,0.0827,1371,172600
360,-250.0,-250.0,0.0823,1371,173100
361,-250.0,-250.0,0.0819,1371,173600
362,-250.0,-250.0,0.0815,1371,174100
363,-250.0,-250.0,0.081,1371,174600
364,-250.0,-250.0,0.0806,1371,175100
365,-250.0,-250.0,0.0802,1371,175600
366,-250.0,-250.0,0.0798,1371,176100
367,-250.0,-250.0,0.0794,1371,176600
368,-250.0,-250.0,0.079,1371,177100
369,-250.0,-250.0,0.0786,1371,177600
370,-250.0,-250.0,0.0783,1371,178100
371,-250.0,-250.0,0.0779,1371,178600
372,-250.0,-250.0,0.0775,1371,179100
373,-250.0,-250.0,0.0771,1371,179600
374,-250.0,-250.0,0.0767,1371,180100
375,-250.0,-250.0,0.0763,1371,180600
376,-250.0,-250.0,0.0759,1371,181100
377,-250.0,-250.0,0.0756,1371,181600
378,-250.0,-250.0,0.0752,1371,182100
379,-250.0,-250.0,0.0748,1371,182600
380,-250.0,-250.0,0.0744,1371,183100
381,-250.0,-250.0,0.0741,1371,183600
382,-250.0,-250.0,0.0737,1371,184100
383,-250.0,-250.0,0.0733,1371,184600
384,-250.0,-250.0,0.073,1371,185100
385,-250.0,-250.0,0.0726,1371,185600
386,-250.0,-250.0,0.0722,1371,186100
387,-250.0,-250.0,0.0719,1371,186600
388,-250.0,-250.0,0.0715,1371,187100
389,-250.0,-250.0,0.0711,1371,187600
390,-250.0,-250.0,0.0708,1371,188100
391,-250.0,-250.0,0.0704,1371,188600
392,-250.0,-250.0,0.0701,1371,189100
393,-250.0,-250.0,0.0697,1371,189600
394,-250.0,-250.0,0.0694,1371,190100
395,-250.0,-250.0,0.069,1371,190600
396,-250.0,-250.0,0.0687,1371,191100
397,-250.0,-250.0,0.0683,1371,191600
398,-250.0,-250.0,0.068,1371,192100
399,-250.0,-250.0,0.0677,1371,192600
400,-250.0,-250.0,0.0673,1371,193100
401,-250.0,-250.0,0.067,1371,193600
402,-250.0,-250.0,0.0667,1371,194100
403,-250.0,-250.0,0.0663,1371,194600
404,-250.0,-250.0,0.066,1371,195100
405,-250.0,-250.0,0.0657,1371,195600
406,-250.0,-250.0,0.0653,1371,196100
407,-250.0,-250.0,0.065,1371,196600
408,-250.0,-250.0,0.0647,1371,197100
409,-250.0,-250.0,0.0644,1371,197600
410,-250.0,-250.0,0.064,1371,198100
411,-250.0,-250.0,0.0637,1371,198600
412,-250.0,-250.0,0.0634,1371,199100
413,-250.0,-250.0,0.0631,1371,199600
414,-250.0,-250.0,0.0628,1371,200100
415,-250.0,-250.0,0.0625,1371,200600
416,-250.0,-250.0,0.0621,1371,201100
417,-250.0,-250.0,0.0618,1371,201600
418,-250.0,-250.0,0.0615,1371,202100
419,-250.0,-250.0,0.0612,1371,202600
420,-250.0,-250.0,0.0609,1371,203100
421,-250.0,-250.0,0.0606,1371,203600
422,-250.0,-250.0,0.0603,1371,204100
423,-250.0,-250.0,0.06,1371,204600
424,-250.0,-250.0,0.0597,1371,205100
425,-250.0,-250.0,0.0594,1371,205600
426,-250.0,-250.0,0.0591,1371,206100
427,-250.0,-250.0,0.0588,1371,206600
428,-250.0,-250.0,0.0585,1371,207100
429,-250.0,-250.0,0.0582,1371,207600
430,-250.0,-250.0,0.0579,1371,208100
431,-250.0,-250.0,0.0576,1371,208600
432,-250.0,-250.0,0.0574,1371,209100
433,-250.0,-250.0,0.0571,1371,209600
434,-250.0,-250.0,0.0568,1371,210100
435,-250.0,-250.0,0.0565,1371,210600
436,-250.0,-250.0,0.0562,1371,211100
437,-250.0,-250.0,0.0559,1371,211600
438,-250.0,-250.0,0.0557,1371,212100
439,-250.0,-250.0,0.0554,1371,212600
440,-250.0,-250.0,0.0551,1371,213100
441,-250.0,-250.0,0.0548,1371,213600
442,-250.0,-250.0,0.0545,1371,214100
443,-250.0,-250.0,0.0543,1371,214600
444,-250.0,-250.0,0.054,1371,215100
445,-250.0,-250.0,0.0537,1371,215600
446,-250.0,-250.0,0.0535,1371,216100
447,-250.0,-250.0,0.0532,1371,216600
448,-250.0,-250.0,0.0529,1371,217100
449,-250.0,-250.0,0.0527,1371,217600
450,-250.0,-250.0,0.0524,1371,218100
451,-250.0,-250.0,0.0521,1371,218600
452,-250.0,-250.0,0.0519,1371,219100
453,-1916.2,-416.6,0.0516,1461,219600
454,-12571.5,-1648.8,0.0514,1475,220100
455,-5538.6,-2177.6,0.0511,1493,220316
456,306.9,-2121.9,0.0509,1534,220816
457,242.5,-2072.7,0.0506,1559,221316
458,-145.0,-2062.2,0.0503,1563,221816
459,-250.0,-2062.2,0.0501,1563,222316
460,-212.2,-2058.4,0.05,1563,222816
461,-219.4,-2055.3,0.05,1564,223316
462,-236.5,-2054.0,0.05,1565,223816
463,-245.8,-1887.0,0.05,1566,224316
464,-152.3,-645.0,0.05,1576,224816
465,-104.5,-101.6,0.05,1578,225316
466,-234.7,-155.8,0.05,1579,225816
467,-155.8,-195.6,0.05,1580,226316
468,86.3,-172.5,0.05,1581,226816
469,-174.7,-165.0,0.05,1581,227316
470,478.5,-95.9,0.05,1583,227816
471,302.9,-43.7,0.05,1584,228316
472,-222.6,-42.3,0.05,1584,228816
473,-124.2,-30.1,0.05,1584,229316
474,-33.1,-18.2,0.05,1584,229816
475,-721.0,-79.8,0.05,1584,230316
476,-188.6,-75.2,0.05,1584,230816
477,-212.2,-80.9,0.05,1584,231316
478,50.6,-84.4,0.05,1584,231816
479,-99.4,-76.9,0.05,1584,232316
480,-212.8,-146.0,0.05,1584,232816
481,-169.0,-169.0,0.1194,1584,233316
482,-316.0,-242.5,0.1188,1584,233816
483,-600.0,-361.7,0.1182,1584,234316
484,-594.0,-419.7,0.1176,1586,234816
485,-592.0,-454.2,0.117,1587,235316
486,-600.0,-478.5,0.1164,1587,235816
487,-600.0,-495.9,0.1159,1587,236316
488,-600.0,-508.9,0.1153,1587,236816
489,-600.0,-519.0,0.1147,1587,237316
490,-600.0,-527.1,0.1141,1587,237816
491,-600.0,-570.2,0.1136,1587,238316
492,-600.0,-598.6,0.113,1587,238816
493,-600.0,-598.6,0.1124,1587,239316
494,-600.0,-599.2,0.1119,1587,239816
495,-600.0,-600.0,0.1113,1587,240316
496,-600.0,-600.0,0.1108,1587,240816
497,-600.0,-600.0,0.1102,1587,241316
498,-591.0,-599.1,0.1096,1588,241816
499,-587.0,-597.8,0.1091,1589,242316
500,-585.0,-596.3,0.1086,1589,242816
501,-600.0,-596.3,0.108,1589,243316
502,-597.0,-596.0,0.1075,1589,243816
503,-595.0,-595.5,0.1069,1589,244316
504,-594.0,-594.9,0.1064,1589,244816
505,-581.0,-593.0,0.1059,1589,245316
506,-5358.0,-1068.8,0.1053,1599,245816
507,-6107.0,-1619.5,0.1048,1611,246316
508,-951.0,-1655.5,0.1043,1632,246816
509,486.0,-1548.2,0.1038,1729,247316
510,-472.5,-1536.9,0.1032,1753,247816
511,-520.0,-1528.9,0.1027,1766,248316
512,-580.0,-1527.2,0.1022,1769,248816
513,-568.0,-1524.5,0.1017,1774,249316
514,-578.0,-1522.9,0.1012,1774,249816
515,-566.0,-1521.4,0.1007,1774,250316
516,-394.0,-1025.0,0.1002,1778,250816
517,-350.0,-449.3,0.0997,1787,251316
518,-579.0,-412.1,0.0992,1792,251816
519,-575.0,-518.2,0.0987,1793,252316
520,-583.0,-529.3,0.0982,1793,252816
521,-398.0,-517.1,0.0977,1798,253316
522,-545.7,-513.7,0.0972,1809,253612
523,-206.0,-477.5,0.0967,1836,254112
524,-597.0,-479.4,0.0962,1838,254612
525,-600.0,-482.8,0.0958,1838,255112
526,-599.0,-503.3,0.0953,1839,255612
527,-600.0,-528.3,0.0948,1839,256112
528,-608.0,-531.2,0.0943,1841,256612
529,-600.0,-533.7,0.0939,1841,257112
530,-600.0,-535.4,0.0934,1841,257612
531,-600.0,-555.6,0.0929,1841,258112
532,-600.0,-561.0,0.0925,1841,258612
533,-600.0,-600.4,0.092,1841,259112
534,-600.0,-600.7,0.0915,1841,259612
535,-600.0,-600.7,0.0911,1841,260112
536,-600.0,-600.8,0.0906,1841,260612
537,-600.0,-600.8,0.0902,1841,261112
538,-600.0,-600.0,0.0897,1841,261612
539,-600.0,-600.0,0.0893,1841,262112
540,-600.0,-600.0,0.0888,1841,262612
541,-600.0,-600.0,0.0884,1841,263112
542,-600.0,-600.0,0.0879,1841,263612
543,-600.0,-600.0,0.0875,1841,264112
544,-600.0,-600.0,0.0871,1841,264612
545,-600.0,-600.0,0.0866,1841,265112
546,-600.0,-600.0,0.0862,1841,265612
547,-600.0,-600.0,0.0858,1841,266112
548,-600.0,-600.0,0.0853,1841,266612
549,-600.0,-600.0,0.0849,1841,267112
550,-600.0,-600.0,0.0845,1841,267612
551,-600.0,-600.0,0.0841,1841,268112
552,-600.0,-600.0,0.0836,1841,268612
553,-600.0,-600.0,0.0832,1841,269112
554,-600.0,-600.0,0.0828,1841,269612
555,-600.0,-600.0,0.0824,1841,270112
556,-600.0,-600.0,0.082,1841,270612
557,-600.0,-600.0,0.0816,1841,271112
558,-600.0,-600.0,0.0812,1841,271612
559,-600.0,-600.0,0.0808,1841,272112
560,-600.0,-600.0,0.0804,1841,272612
561,-600.0,-600.0,0.08,1841,273112
562,-600.0,-600.0,0.08,1841,273612
563,-600.0,-600.0,0.08,1841,274112
564,-600.0,-600.0,0.08,1841,274612
565,-600.0,-600.0,0.08,1841,275112
566,-600.0,-600.0,0.08,1841,275612
567,-600.0,-600.0,0.08,1841,276112
568,-600.0,-600.0,0.08,1841,276612
569,-600.0,-600.0,0.08,1841,277112
570,-600.0,-600.0,0.08,1841,277612
571,-600.0,-600.0,0.08,1841,278112
572,-600.0,-600.0,0.08,1841,278612
573,-600.0,-600.0,0.08,1841,279112
574,-600.0,-600.0,0.08,1841,279612
575,-600.0,-600.0,0.08,1841,280112
576,-600.0,-600.0,0.08,1841,280612
577,-600.0,-600.0,0.08,1841,281112
578,-600.0,-600.0,0.08,1841,281612
579,-600.0,-600.0,0.08,1841,282112
580,-600.0,-600.0,0.08,1841,282612
581,-600.0,-600.0,0.1194,1841,283112
582,-600.0,-600.0,0.1188,1841,283612
583,-600.0,-600.0,0.1182,1841,284112
584,-600.0,-600.0,0.1176,1841,284612
585,-600.0,-600.0,0.117,1841,285112
586,-600.0,-600.0,0.1164,1841,285612
587,-600.0,-600.0,0.1159,1841,286112
588,-600.0,-600.0,0.1153,1841,286612
589,-600.0,-600.0,0.1147,1841,287112
590,-600.0,-600.0,0.1141,1841,287612
591,-600.0,-600.0,0.1136,1841,288112
592,-600.0,-600.0,0.113,1841,288612
593,-600.0,-600.0,0.1124,1841,289112
594,-600.0,-600.0,0.1119,1841,289612
595,-600.0,-600.0,0.1113,1841,290112
596,-600.0,-600.0,0.1108,1841,290612
597,-600.0,-600.0,0.1102,1841,291112
598,-600.0,-600.0,0.1096,1841,291612
599,-600.0,-600.0,0.1091,1841,292112
600,-600.0,-600.0,0.1086,1841,292612
601,-600.0,-600.0,0.108,1841,293112
602,-600.0,-600.0,0.1075,1841,293612
603,-600.0,-600.0,0.1069,1841,294112
604,-600.0,-600.0,0.1064,1841,294612
605,-600.0,-600.0,0.1059,1841,295112
606,-600.0,-600.0,0.1053,1841,295612
607,-600.0,-600.0,0.1048,1841,296112
608,-600.0,-600.0,0.1043,1841,296612
609,-600.0,-600.0,0.1038,1841,297112
610,-600.0,-600.0,0.1032,1841,297612
611,-600.0,-600.0,0.1027,1841,298112
612,-600.0,-600.0,0.1022,1841,298612
613,-600.0,-600.0,0.1017,1841,299112
614,-600.0,-600.0,0.1012,1841,299612
615,-600.0,-600.0,0.1007,1841,300112
616,-600.0,-600.0,0.1002,1841,300612
617,-600.0,-600.0,0.0997,1841,301112
618,-600.0,-600.0,0.0992,1841,301612
619,-600.0,-600.0,0.0987,1841,302112
620,-600.0,-600.0,0.0982,1841,302612
621,-600.0,-600.0,0.0977,1841,303112
622,-600.0,-600.0,0.0972,1841,303612
623,-600.0,-600.0,0.0967,1841,304112
624,-600.0,-600.0,0.0962,1841,304612
625,-600.0,-600.0,0.0958,1841,305112
626,-600.0,-600.0,0.0953,1841,305612
627,-600.0,-600.0,0.0948,1841,306112
628,-600.0,-600.0,0.0943,1841,306612
629,-600.0,-600.0,0.0939,1841,307112
630,-600.0,-600.0,0.0934,1841,307612
631,-600.0,-600.0,0.0929,1841,308112
632,-600.0,-600.0,0.0925,1841,308612
633,-600.0,-600.0,0.092,1841,309112
634,-600.0,-600.0,0.0915,1841,309612
635,-600.0,-600.0,0.0911,1841,310112
636,-600.0,-600.0,0.0906,1841,310612
637,-600.0,-600.0,0.0902,1841,311112
638,-600.0,-600.0,0.0897,1841,311612
639,-600.0,-600.0,0.0893,1841,312112
640,-600.0,-600.0,0.0888,1841,312612
641,-600.0,-600.0,0.0884,1841,313112
642,-600.0,-600.0,0.0879,1841,313612
643,-600.0,-600.0,0.0875,1841,314112
644,-600.0,-600.0,0.0871,1841,314612
645,-600.0,-600.0,0.0866,1841,315112
646,-600.0,-600.0,0.0862,1841,315612
647,-600.0,-600.0,0.0858,1841,316112
648,-600.0,-600.0,0.0853,1841,316612
649,-600.0,-600.0,0.0849,1841,317112
650,-600.0,-600.0,0.0845,1841,317612
651,-600.0,-600.0,0.0841,1841,318112
652,-600.0,-600.0,0.0836,1841,318612
653,-600.0,-600.0,0.0832,1841,319112
654,-600.0,-600.0,0.0828,1841,319612
655,-600.0,-600.0,0.0824,1841,320112
656,-600.0,-600.0,0.082,1841,320612
657,-600.0,-600.0,0.0816,1841,321112
658,-600.0,-600.0,0.0812,1841,321612
659,-600.0,-600.0,0.0808,1841,322112
660,-600.0,-600.0,0.0804,1841,322612
661,-600.0,-600.0,0.08,1841,323112
662,-600.0,-600.0,0.08,1841,323612
663,-600.0,-600.0,0.08,1841,324112
664,-600.0,-600.0,0.08,1841,324612
665,-600.0,-600.0,0.08,1841,325112
666,-604.0,-600.4,0.08,1841,325612
667,-600.0,-600.4,0.08,1841,326112
668,-600.0,-600.4,0.08,1841,326612
669,-600.0,-600.4,0.08,1841,327112
670,-600.0,-600.4,0.08,1841,327612
671,-600.0,-600.4,0.08,1841,328112
672,-600.0,-600.4,0.08,1841,328612
673,-600.0,-600.4,0.08,1841,329112
674,-600.0,-600.4,0.08,1841,329612
675,-600.0,-600.4,0.08,1841,330112
676,-600.0,-600.0,0.08,1841,330612
677,-600.0,-600.0,0.08,1841,331112
678,-600.0,-600.0,0.08,1841,331612
679,-600.0,-600.0,0.08,1841,332112
680,-600.0,-600.0,0.08,1841,332612
681,-600.0,-600.0,0.1194,1841,333112
682,-600.0,-600.0,0.1188,1841,333612
683,-600.0,-600.0,0.1182,1841,334112
684,-600.0,-600.0,0.1176,1841,334612
685,-600.0,-600.0,0.117,1841,335112
686,-98.0,-98.0,0.1194,1928,335612
687,-187.0,-142.5,0.1188,2006,336112
688,-95.0,-126.7,0.1182,2082,336612
689,-94.0,-118.5,0.1176,2148,337112
690,228.0,-49.2,0.117,2227,337612
691,-195.0,-73.5,0.1164,2270,338112
692,38.0,-57.6,0.1159,2351,338612
693,-102.0,-63.1,0.1153,2425,339112
694,129.0,-41.8,0.1147,2492,339612
695,-39.0,-41.5,0.1141,2564,340112
696,-90.0,-40.7,0.1136,2623,340612
697,-364.0,-58.4,0.113,2688,341112
698,194.0,-29.5,0.1124,2767,341612
699,-121.0,-32.2,0.1119,2841,342112
700,-2.0,-55.2,0.1113,2927,342612
701,171.0,171.0,0.1194,2989,343112
702,-12.0,79.5,0.1188,3079,343612
703,-204.0,-15.0,0.1182,3150,344112
704,-285.0,-82.5,0.1176,3228,344612
705,17.0,-62.6,0.117,3306,345112
706,-4.0,-52.8,0.1164,3376,345612
707,133.5,-26.2,0.1159,3487,346112
708,-368.0,-68.9,0.1153,3539,346612
709,277.0,-30.5,0.1147,3600,347112
710,-109.0,-38.3,0.1141,3690,347612
711,23.0,-53.1,0.1136,3778,348112
712,28.0,-49.1,0.113,3859,348612
713,163.0,-12.4,0.1124,3947,349112
714,34.0,19.5,0.1119,4020,349612
715,-2.0,17.6,0.1113,4081,350112
716,-9.0,17.1,0.1108,4143,350612
717,293.0,33.0,0.1102,4236,351112
718,-299.0,39.9,0.1096,4310,351612
719,-5.0,11.7,0.1091,4395,352112
720,162.0,38.8,0.1086,4449,352612
721,-204.5,16.1,0.108,4521,353112
722,47.0,18.0,0.1075,4619,353612
723,104.0,12.1,0.1069,4689,354112
724,-65.0,2.2,0.1064,4756,354612
725,-98.0,-7.4,0.1059,4844,355112
726,-41.0,-10.6,0.1053,4928,355612
727,-528.0,-92.7,0.1048,4993,356112
728,61.0,-56.7,0.1043,5057,356612
729,135.0,-42.7,0.1038,5149,357112
730,-195.0,-78.4,0.1032,5212,357612
731,221.0,-35.9,0.1027,5291,358112
732,299.0,-10.7,0.1022,5375,358612
733,123.0,-8.8,0.1017,5437,359112
734,-61.0,-8.4,0.1012,5482,359612
735,-259.0,-24.5,0.1007,5556,360112
736,520.0,31.6,0.1002,5577,360612
737,-88.0,75.6,0.0997,5644,361112
738,-25.0,67.0,0.0992,5725,361612
739,-208.0,32.7,0.0987,5795,362112
740,-347.0,17.5,0.0982,5868,362612
741,498.0,45.2,0.0977,5954,363112
742,995.0,114.8,0.0972,6043,363612
743,-232.0,79.3,0.0967,6133,364112
744,-173.0,68.1,0.0962,6183,364612
745,-129.0,81.1,0.0958,6248,365112
746,-95.5,19.5,0.0953,6305,365612
747,210.0,49.3,0.0948,6410,366112
748,59.0,57.7,0.0943,6492,366612
749,-197.0,58.8,0.0939,6550,367112
750,-142.0,79.3,0.0934,6610,367612
751,187.0,48.2,0.0929,6689,368112
752,-274.0,-78.6,0.0925,6759,368612
753,64.0,-49.0,0.092,6849,369112
754,605.0,28.8,0.0915,6932,369612
755,-282.0,13.5,0.0911,7000,370112
756,-242.8,-1.3,0.0906,7024,370306
757,-111.0,-33.4,0.0902,7091,370806
758,150.0,-24.3,0.0897,7157,371306
759,-138.6,-18.4,0.0893,7170,371389
760,-275.0,-31.7,0.0888,7236,371889
761,-168.0,-67.2,0.0884,7299,372389
762,153.0,-24.5,0.0879,7385,372889
763,75.0,-23.4,0.0875,7464,373389
764,-11.0,-85.0,0.0871,7541,373889
765,49.0,-51.9,0.0866,7632,374389
