grid_x_bucket,grid_z_bucket,visit_count
204,139,48
204,138,46
203,138,200
203,139,122
203,139,20
203,138,72
203,140,27
202,140,1
203,138,4
203,137,1
202,137,2
202,138,1
201,138,3
201,139,3
201,138,2
201,138,4
201,138,6
200,139,4
200,138,4
200,138,1
200,138,2
200,138,2
201,137,3
201,137,6
201,138,2
201,137,1
201,138,10
201,138,3
216,156,1822
217,156,782
217,157,220
216,157,137
216,156,5
217,156,2
216,156,12
217,157,2
217,156,3
216,156,1
1066,435,1
164,169,1
165,169,2
165,169,2
165,168,17
164,167,4
164,167,2
164,167,3
164,167,1
164,167,1
163,167,3
163,167,2
163,167,2
163,168,3
164,167,2
164,166,2
164,166,8
164,166,2
165,167,4
165,167,15
166,167,4
165,168,2
166,168,37
166,169,1
167,168,7
167,169,37
167,169,1
167,170,1
168,169,11
168,170,65
169,170,7
169,170,1
169,170,1
169,170,2
169,170,64
169,170,14
169,170,8
169,170,98
170,170,1
169,170,1
169,170,3
169,170,7
169,170,6
170,170,5
170,170,12
170,169,48
170,169,1
169,169,48
169,169,1
169,169,1
169,169,1
169,169,2
1069,434,1
193,156,1
193,155,1
192,155,1
192,155,11
192,154,5
192,154,1
192,153,17
192,154,2
193,154,3
192,155,4
192,155,2
192,155,1
192,155,1
192,155,2
192,155,5
191,155,2
191,154,40
191,154,16
193,155,4
193,156,8
193,156,2
193,155,4
194,155,2
193,155,1
193,155,2
192,155,2
192,156,1
192,155,1
192,156,2
192,155,6
193,157,3
193,157,9
193,157,10
193,157,8
193,157,9
194,156,1
193,157,1
193,157,3
193,157,1
193,157,10
193,157,3
193,157,1
193,157,24
193,157,14
192,157,13
192,157,9
192,156,12
192,156,1
192,156,85
192,156,34
192,156,46
192,156,130
192,156,43
192,156,47
192,156,23
192,156,1135
192,156,200
192,155,81
192,156,22
192,156,1
192,156,1926
192,156,372
192,155,72
192,155,13
192,156,18
192,157,122
192,156,2463
192,155,60
193,156,26
192,157,23
192,157,3
179,134,37
179,135,54
178,134,4
178,135,8
180,135,7
180,135,2
180,135,3
180,135,7
180,135,9
180,135,1
179,135,2
179,134,1
180,134,1
180,135,1
180,135,1
180,134,6
180,135,3
180,134,1
180,134,9
180,135,7
180,135,2
179,135,3
180,136,2
179,136,10
178,136,2
177,136,5
179,136,27
179,135,16
179,134,7
180,134,8
181,134,2
181,134,3
180,133,9
181,133,41
181,132,66
182,133,113
182,134,2
182,132,118
181,132,557
181,131,126
182,131,16
182,132,132
182,133,93
181,133,44
181,131,1
180,131,2
181,132,1
181,132,5
181,132,1
182,132,32
182,131,1
183,131,1
183,131,2
183,130,31
183,130,7
183,130,1
184,130,2
181,132,254
181,133,2
180,132,5
180,132,4
181,130,16
180,130,3
179,128,10
178,128,4
177,128,19
176,127,8
176,126,4
176,128,12
176,129,2
178,127,1
176,129,7
176,129,2
176,129,2
176,129,8
176,129,2
177,129,1
177,129,2
177,129,1
176,129,1
176,129,1
176,129,4
176,129,16
176,129,17
176,128,1
176,130,8
175,130,11
175,130,2
175,130,1
175,130,1
175,130,2
175,130,1
175,129,6
175,130,2
176,130,2
176,130,1
176,129,4
176,129,3
176,129,4
176,129,1
176,129,1
176,129,5
176,129,4
176,130,2
176,129,1
176,129,3
176,129,1
176,129,2
176,130,8
176,130,3
176,130,1
175,130,17
175,131,3
175,131,1
175,131,13
175,131,1
175,131,2
175,131,3
175,131,3
175,131,1
175,131,2
175,131,2
183,159,4
182,159,1
181,158,1
181,153,3
181,152,2
181,151,8
181,151,5
181,150,1
181,151,2
181,151,2
181,151,17
181,151,4
181,151,36
181,150,8
181,150,10
180,151,16
182,151,1
183,152,3
182,152,2
182,151,17
181,152,1
181,150,2
181,150,1
181,151,2
181,151,20
181,150,11
181,150,27
180,150,5
179,149,5
181,151,2
181,151,40
182,151,4
182,151,30
183,151,10
183,151,5
183,151,2
183,151,1
183,151,5
183,151,7
183,150,8
182,152,10
181,153,19
181,153,2
180,153,7
180,154,28
180,154,5
181,154,3
180,155,6
180,155,1
180,155,4
181,154,2
181,154,17
181,154,4
181,154,2
181,154,2
181,155,2
181,155,4
181,154,16
182,154,3
181,153,68
181,152,36
182,153,23
182,152,25
182,153,7
182,153,17
181,153,4
181,153,1
181,153,2
181,153,2
181,152,3
181,153,26
182,153,2
181,153,3
181,152,1
181,152,35
182,152,14
181,153,2
181,152,11
181,152,2
181,152,318
181,152,16
181,153,10
181,153,80
181,153,16
180,153,67
180,152,96
180,152,18
180,152,1
180,152,3
180,153,49
180,153,2
172,107,4
172,108,1
174,110,1
174,111,1
174,112,2
175,113,2
175,114,2
176,115,14
177,116,2
176,116,2
177,115,6
178,114,10
178,114,6
178,113,16
179,114,7
177,114,7
177,114,1
177,114,1
178,114,2
178,114,2
178,114,5
177,114,7
178,114,1
178,114,1
178,114,2
178,115,3
178,115,5
177,114,7
178,114,3
178,115,1
178,114,2
177,114,49
178,114,39
177,115,36
178,115,39
176,114,2
178,115,2
178,116,4
177,116,12
177,117,1
177,115,2
177,115,11
178,116,2
178,115,3
179,115,4
179,114,18
179,113,4
179,114,7
180,113,4
181,113,1
179,112,9
179,112,1
179,112,2
180,111,2
180,111,7
180,111,2
180,111,5
180,111,1
178,113,2
178,113,2
178,113,2
178,112,83
177,112,5
177,113,3
177,113,3
176,113,1
176,113,2
176,113,1
176,113,2
176,113,1
177,113,2
177,113,1
177,114,2
177,113,1
177,114,6
177,114,2
177,114,1
177,114,2
177,114,1
177,114,1
177,114,3
177,114,5
176,112,8
176,113,3
176,113,2
176,113,1
176,113,3
175,112,4
175,112,5
176,112,1
176,112,13
176,112,2
176,112,2
175,112,4
176,112,4
178,112,1
178,112,1
178,112,4
178,112,3
178,112,4
176,112,13
176,112,1
176,113,6
176,113,10
175,114,38
175,114,1
175,113,1
175,113,1
175,113,1
174,113,2
174,113,9
174,113,23
174,113,1
174,113,1
174,113,1
174,113,2
174,113,1
174,113,4
174,113,2
174,113,11
174,113,22
174,114,2
174,114,1
175,113,2
175,113,4
175,113,6
175,113,8
175,115,17
174,115,15
173,115,3
173,116,26
174,116,7
174,116,1
174,116,3
174,116,1
174,116,11
173,117,1
174,116,12
174,116,5
173,116,4
173,116,1
173,116,6
173,116,4
172,116,2
174,117,1
174,116,2
174,117,1
174,116,7
174,116,1
174,116,1
173,116,2
175,116,5
176,116,1
175,113,1
175,113,6
175,113,2
175,114,1
174,113,3
174,112,3
174,112,1
174,112,2
174,112,1
174,112,3
174,112,1
173,112,1
173,112,3
173,113,2
173,112,2
173,112,2
173,112,1
172,112,1
172,112,3
173,112,12
173,111,5
173,111,3
173,110,10
173,110,4
173,111,1
173,110,18
172,110,2
173,111,8
173,109,12
173,110,1
173,109,1
172,111,5
173,111,12
172,111,40
172,111,3
172,111,1
1064,435,2
1064,435,1
168,140,4
170,135,1
170,134,4
170,127,7
170,126,2
170,128,71
169,128,35
169,129,9
169,129,15
169,128,4
169,128,1
169,128,1
169,128,3
168,128,2
168,127,5
167,127,7
167,128,3
167,126,2
166,126,12
166,127,2
165,127,4
164,127,1
166,126,6
166,125,1
165,126,1
164,126,3
167,125,1
167,125,1
167,125,1
167,125,1
166,126,1
166,126,6
169,128,41
169,128,12
169,129,5
170,128,32
170,128,6
170,128,31
169,129,46
169,129,34
170,128,7
169,128,1
169,129,4
170,129,2
170,129,5
171,128,4
171,127,7
172,127,11
172,128,6
172,127,1
172,128,2
172,128,3
172,128,6
172,128,1
172,128,7
172,128,2
172,128,7
171,128,1
171,128,1
171,128,5
171,128,2
171,129,9
171,129,3
171,129,5
171,129,19
172,129,22
171,128,13
171,128,2
171,129,6
171,129,2
171,129,1
171,129,23
171,129,3
171,128,55
171,129,2
172,129,6
172,128,16
171,128,7
170,128,21
170,129,4
170,129,1
170,129,3
170,129,26
173,128,16
173,128,19
173,128,1
169,129,2
172,128,5
173,128,1
173,128,2
206,138,14
205,138,21
206,137,2
205,139,5
205,138,8
205,138,4
205,138,4
205,139,1
205,139,1
205,139,3
205,139,1
206,140,2
206,140,4
206,140,4
206,140,1
206,140,2
206,140,6
206,140,2
206,140,1
206,140,3
206,140,1
206,140,1
206,140,1
206,140,14
206,139,6
206,140,4
206,140,3
206,140,11
206,140,4
206,140,4
206,140,1
206,140,2
206,140,1
206,140,1
206,141,2
206,140,8
205,141,8
205,141,3
205,139,5
205,139,1
205,139,5
205,139,6
205,139,1
205,139,8
205,139,9
205,139,7
206,139,6
205,139,2
206,140,25
206,140,93
206,141,681
206,142,4
205,140,17
205,140,444
205,140,15
205,140,2486
206,140,352
205,141,640
206,141,263
205,139,13
205,140,215
205,140,13
205,140,41
171,136,10
171,136,2
171,137,10
171,135,4
171,135,1
171,135,2
171,135,13
171,134,1
171,136,2
171,136,1
171,136,1
171,135,2
171,135,1
171,135,3
171,135,6
171,136,3
171,135,5
170,135,10
170,135,5
170,134,10
169,134,11
170,133,6
171,133,13
171,133,8
172,133,4
172,132,2
172,132,8
171,132,14
170,132,1
171,132,1
1067,433,2
204,119,16
205,119,10
204,120,20
204,121,5
205,121,4
205,120,4
203,120,2
203,121,3
204,119,1
204,119,1
204,119,2
203,119,1
203,119,3
203,119,1
203,119,3
203,119,1
203,119,2
202,119,1
202,119,25
203,119,3
201,118,5
202,118,18
202,117,20
201,116,2
202,116,5
203,116,6
203,115,5
204,115,1
204,115,1
203,115,1
204,115,3
204,115,21
204,115,3
204,115,4
203,115,9
203,115,22
204,114,3
204,114,11
203,114,5
204,114,22
203,115,9
203,115,1
203,115,3
203,114,5
204,114,3
203,114,1
204,114,9
203,114,5
203,113,1
203,113,3
203,113,109
202,113,19
203,114,9
203,114,5
203,113,218
202,113,72
202,113,4
201,113,2
201,113,777
201,112,24
201,113,2493
201,112,266
202,113,2847
200,113,45
202,112,759
202,114,651
201,114,274
203,113,19
202,113,1304
201,113,202
202,114,78
201,114,36
204,166,4
204,165,3
205,165,3
204,163,1
203,164,5
202,164,8
201,165,2
202,164,4
202,164,1
203,164,2
203,164,1
202,164,11
202,164,2
202,164,1
203,164,2
203,164,2
203,164,4
203,164,2
202,164,1
202,164,4
202,165,1
202,164,2
202,164,1
202,164,2
203,164,10
203,164,16
203,164,1
203,164,1
203,164,1
202,164,14
202,163,1
202,163,4
202,163,10
202,162,5
202,162,1
202,162,5
202,163,2
202,161,3
202,161,5
202,161,2
201,161,1
201,161,4
201,161,1
201,161,3
201,161,1
202,161,2
202,161,1
202,161,2
202,161,2
202,161,3
202,161,183
202,161,10
201,161,1
202,162,36
202,161,6
202,161,1
201,161,4
201,161,2
202,161,4
202,161,3
202,161,4
202,161,3
202,161,2
202,161,3
201,161,82
203,161,28
203,161,192
203,160,8
203,161,1
203,161,1
203,161,2
203,161,3
203,161,1
203,161,2
203,161,5
203,161,1
203,161,2
203,161,72
204,161,3
203,160,93
203,160,8
203,160,1
203,161,1
202,161,15
202,161,3
203,160,2
203,160,2
203,160,3
203,160,2
203,160,2
202,162,6
202,162,1
202,161,7
202,161,1
203,160,1
203,160,256
202,160,22
202,162,5
201,160,7
201,160,10
200,160,1
200,161,2
200,161,1
201,161,6
201,161,1
202,163,12
202,163,6
202,162,3
202,163,2
202,160,21
202,160,8
203,160,26
203,160,67
203,162,3
203,162,11
203,162,2
202,160,27
203,161,5
203,160,1
204,159,2
203,158,8
204,158,2
203,160,5
203,160,3
203,160,2
203,160,2
203,160,1
203,161,1
203,160,3
203,160,3
203,160,6
202,160,2
202,160,6
202,160,6
202,160,6
201,160,1
201,160,3
201,160,34
202,160,1
201,160,7
201,160,3
201,160,2
201,160,1
201,160,1
201,160,2
201,160,1
201,160,4
201,160,15
201,160,3
201,160,1
201,161,2
201,161,332
201,160,25
201,160,9
201,161,5
201,161,165
201,161,12
201,161,11
201,161,256
201,161,179
195,170,2
194,170,5
194,170,4
193,170,5
194,171,7
194,171,5
194,171,4
194,173,12
195,173,17
194,172,9
194,173,4
194,172,1
195,172,1
195,173,5
196,173,1
196,174,7
197,175,3
198,175,2
197,175,3
197,175,1
197,175,2
197,176,1
197,176,1
198,176,12
199,176,1
199,176,2
199,177,1
199,177,3
199,177,1
198,176,2
198,176,1
198,176,6
198,176,4
198,176,6
198,176,13
198,176,3
198,176,5
198,175,2
198,175,1
198,175,1
198,175,4
198,175,1
198,175,6
198,175,3
198,175,2
198,175,6
199,175,3
199,175,2
198,175,1
199,176,3
199,176,1
199,176,1
199,176,3
198,176,4
198,176,1
198,176,1
198,176,1
199,176,3
199,176,1
199,176,4
199,176,1
199,176,4
199,176,4
199,176,1
198,176,4
199,176,1
198,176,1
198,177,3
198,178,4
198,178,2
198,178,1
198,178,3
198,178,5
198,178,3
198,178,4
198,178,2
198,178,2
198,178,7
198,177,19
198,177,2
198,177,10
198,176,2
198,176,2
198,175,2
198,176,6
198,176,62
198,176,9
198,176,7
198,176,2
198,176,6
198,176,11
198,176,7
199,176,30
199,176,7
199,176,2
199,176,78
199,176,2
199,176,11
199,176,3764
198,176,60
199,175,295
199,175,487
199,175,40
198,175,22
198,175,9
199,176,471
199,176,887
199,176,458
199,176,37
199,176,55
199,177,711
199,177,491
199,177,1570
199,177,700
200,177,162
200,177,198
200,177,215
200,177,141
200,177,46
199,177,120
198,176,1
198,176,17
198,176,24
199,176,10
199,176,25
198,176,7
199,176,16
199,176,6
198,176,1
198,176,3
199,177,22
199,177,124
199,177,34
199,177,9
198,177,596
198,177,228
199,178,6
199,178,8
199,175,1441
198,175,1732
198,175,77
198,176,121
198,174,3281
199,174,4584
200,174,2027
200,175,389
201,174,389
201,175,155
199,173,2707
200,173,18647
198,173,32
200,172,5784
201,172,2060
201,173,1985
199,172,1847
225,136,9
225,136,3
225,135,24
226,136,13
226,136,4
227,135,15
227,135,5
227,134,7
228,135,3
228,134,3
228,134,23
229,134,3
229,134,3
230,133,10
229,133,7
229,132,11
228,131,3
229,132,8
229,132,1
229,132,1
229,132,1
229,132,3
229,132,6
229,132,4
229,132,2
229,132,1
229,132,1
229,132,1
229,133,2
229,133,1
230,134,2
230,134,2
230,134,1
205,136,7
204,136,8
204,136,5
204,136,1
204,136,1
205,136,2
205,135,2
204,135,3
204,135,1
204,135,1
204,135,3
204,135,1
204,135,3
204,135,1
204,134,1
205,133,1
205,133,2
204,133,1
204,133,9
203,132,4
203,132,1
203,132,2
203,132,2
203,132,2
202,132,1
202,132,9
202,131,1
203,131,1
204,131,4
203,131,4
202,130,11
201,130,4
201,130,4
201,131,3
201,130,4
167,142,15
168,142,6
166,141,7
166,141,19
167,141,5
167,140,16
166,139,14
165,139,286
165,138,712
166,138,638
166,137,594
167,137,171
167,138,55
165,137,47
168,137,346
165,140,163
165,139,18
165,139,71
165,138,162
166,138,148
167,138,244
166,139,9
166,137,114
165,137,30
165,140,90
167,139,57
167,139,38
167,139,3
200,152,23
200,152,11
200,152,2
200,152,3
200,152,5
200,152,6
200,152,3
200,152,11
200,152,25
200,152,2
201,151,3
201,151,16
200,151,3
200,150,11
201,151,1
201,151,6
201,151,4
201,151,4
201,151,1
201,151,2
201,151,7
201,151,2
201,151,2
201,151,7
201,151,1
201,151,1
201,151,3
201,152,2
201,151,4
202,152,6
202,152,3
202,152,1
202,152,1
201,151,39
202,151,188
202,151,16
202,151,120
202,151,1
202,150,226
204,167,9
204,167,2
203,169,5
203,170,2
203,171,1
204,170,2
203,170,6
203,170,16
203,170,8
203,170,3
204,170,1
204,170,13
204,171,15
205,171,11
205,172,23
205,172,3
205,173,11
205,173,63
205,173,40
206,173,9
206,173,4
206,172,27
224,161,30
224,161,17
223,161,5
224,161,4
223,161,13
223,160,2
223,161,4
222,161,7
222,161,1
223,160,2
223,160,2
223,160,2
223,160,1
223,160,1
224,161,5
224,161,19
224,161,6
224,161,3
225,161,1
225,161,1
224,161,6
223,161,1
224,160,2
224,159,5
223,159,2
223,159,2
223,160,3
224,160,2
224,160,1
224,160,1
224,160,1
224,160,4
224,160,5
224,160,1
223,159,1
223,159,1
223,159,2
223,159,2
223,159,2
222,159,1
222,159,1
222,159,1
222,159,10
223,159,1
223,159,2
223,159,1
223,159,4
223,159,1
223,159,2
223,159,1
223,159,3
223,159,1
222,159,4
222,159,3
222,159,6
223,159,10
222,159,47
222,159,71
222,159,49
222,159,40
222,158,6
222,158,3
222,159,4
222,159,3
222,159,1
222,159,5
221,159,2
221,159,1
221,159,2
221,159,2
223,159,220
223,159,13
223,159,23
223,159,2047
223,158,12
223,159,30
223,159,115431
168,157,6
169,157,6
169,157,1
169,157,5
169,157,3
169,157,1
168,157,1
168,157,3
168,156,1
168,156,2
168,156,2
168,156,2
168,156,1
168,156,1
168,157,1
168,156,4
169,156,8
169,156,16
168,157,7
169,157,1
168,156,16
167,157,4
167,155,9
167,156,2
166,156,1
166,157,2
166,157,7
167,158,8
166,158,14
166,158,3
166,157,4
166,157,5
166,157,2
166,157,1
166,158,1
166,158,1
167,158,7
166,157,1
166,157,3
167,157,1
168,156,1
168,156,1
168,156,1
167,155,1
167,157,3
166,157,2
166,157,1
166,157,3
166,157,1
167,157,2
166,157,1
166,157,3
166,157,4
166,157,5
166,157,4
166,157,5
166,157,14
166,157,2
166,158,5
166,158,1
166,158,5
166,158,3
166,158,1
166,158,2
165,158,15
165,158,13
165,158,3
165,158,2
165,158,7
166,158,1
166,158,1
166,157,17
167,157,2
166,157,2
166,157,1
166,158,4
166,158,1
166,158,5
165,157,17
166,157,2
165,158,10
165,158,4
165,157,3
165,157,2
165,157,40
165,158,4
166,157,4
166,157,1
165,157,17
165,157,2
165,157,15
165,157,4
165,157,27
165,157,5
165,157,2
165,157,2
165,156,43
165,156,51
165,157,14
166,156,4
164,156,240
165,155,39
164,155,4
163,156,160
163,156,4
162,156,25
162,156,11
206,170,2
206,170,1
206,171,1
207,171,14
207,170,8
208,170,3
207,171,3
206,170,4
207,170,1
207,170,2
207,171,3
207,171,2
207,171,1
207,170,2
186,118,15
187,118,9
187,118,17
186,119,2
186,119,2
187,119,6
187,118,9
187,118,4
187,118,5
186,118,28
186,118,18
186,118,23
186,118,53
186,118,1
186,118,7
186,118,7
186,118,4
186,118,3
186,119,24
186,119,3
186,119,1
186,119,15
186,119,58
186,119,13
186,119,22
186,119,5
186,119,2
186,119,14
186,119,2
186,119,4
186,119,1
186,119,2
186,118,5
186,118,15
186,119,5
186,118,14
186,118,7
186,118,21
186,119,108
186,118,104
186,118,14
186,119,7
186,119,8
186,119,49
186,119,1
186,119,5
186,119,2
186,119,1
186,119,15
186,119,7
186,119,1
186,119,5
186,118,1
186,118,10
186,118,5
186,118,130
186,118,121
186,119,35
186,119,376
186,119,1
186,119,9
186,119,9
186,118,7
186,118,21
186,119,7
186,119,32
186,118,90
186,119,6
186,119,959
186,118,1592
186,119,3
185,118,26
187,118,9
186,117,7
186,117,38
186,117,12
185,117,10
186,118,474
186,117,87
186,118,56
186,119,299
186,119,5125
187,118,2
185,118,36
185,117,11
185,119,857
186,119,3151
185,119,197
186,120,710
185,119,898
186,120,15
185,118,496
185,117,100
186,118,7084
187,118,809
187,119,423
186,120,79
186,119,21
186,120,15
187,120,90
186,120,91
186,120,44
187,120,48
185,120,8
185,120,1
186,119,8
187,119,21
188,120,22
188,119,98
188,118,60
206,113,3
205,113,81
205,112,7
204,113,72
203,113,23
203,113,9
202,113,130
202,113,104
201,113,52
201,113,20
201,112,4
202,113,45
201,113,84
201,112,26
202,112,5
202,113,13
202,113,9
201,113,2
201,113,21
202,113,1
193,145,4
193,144,2
193,143,1
195,136,1
195,131,3
199,124,1
200,121,8
200,120,46
200,119,12
199,121,13
198,121,1
198,122,2
198,122,1
198,122,1
198,122,1
198,122,1
198,122,2
198,122,2
198,121,43
197,121,1
197,121,3
197,121,1
197,121,2
197,121,1
197,121,1
196,121,1
196,121,1
196,121,1
196,121,1
196,121,14
195,121,8
195,122,1
195,122,9
195,122,2
195,122,1
195,122,1
196,122,6
196,122,4
196,122,1
196,122,1
196,122,1
196,122,2
195,123,1
195,123,1
195,123,14
194,123,1
194,123,2
194,123,2
194,123,1
194,123,2
194,123,1
194,123,18
193,123,16
193,123,2
192,123,14
192,123,1
192,123,2
192,123,1
192,123,1
192,123,1
192,123,1
192,123,2
192,123,3
192,123,4
1067,430,1
190,159,12
190,160,10
190,161,4
189,161,2
189,161,2
189,161,1
189,161,3
189,161,2
189,161,1
189,161,1
189,161,48
188,161,1
188,161,27
188,162,2
188,162,2
188,162,1
188,162,1
188,162,9
188,162,1
189,160,5
189,160,3
189,159,16
189,159,3
189,159,1
189,159,2
189,159,4
189,159,4
190,159,6
190,159,3
190,159,64
189,159,2
188,159,19
188,159,14
190,159,1
190,159,1
190,158,4
189,158,1
188,157,1
188,157,187
188,157,5
188,157,4
188,156,116
187,156,11
187,156,1
187,157,21
186,157,2
186,157,1
186,157,1
186,157,1
186,157,1
186,157,10
186,156,67
185,155,1
185,155,3
185,155,1
185,155,1
185,155,1
185,155,2
185,156,2
185,155,7
185,155,4
185,155,9
184,155,27
184,155,39
184,155,3
185,156,13
185,155,8
185,155,1
185,155,1
185,155,4
185,155,242
185,156,9
185,155,16
185,156,120
185,155,39
185,156,25
185,155,13
186,155,21
185,155,587
185,156,855
184,155,576
186,156,68
185,157,9
185,157,76
184,156,228
186,155,117
186,157,2
186,157,3
184,155,24
184,155,1
184,155,59
184,155,43
185,156,130
184,156,5
186,156,24
186,155,26
185,155,121
185,157,11
185,156,20
185,156,730
186,156,291
184,156,207
184,155,168
185,155,284
186,155,37
184,155,1
184,155,1
184,155,176
183,155,13
183,154,288
184,154,68
183,154,4
183,154,6
184,154,5
184,154,3
162,137,7
162,137,1
162,137,2
162,137,2
162,137,1
1068,435,4
179,171,12
178,171,15
178,172,4
179,171,2
179,171,1
179,171,2
179,171,6
179,171,3
178,172,3
178,172,1
178,171,11
178,171,8
178,171,1
180,171,4
180,171,1
180,171,2
180,171,2
180,171,6
180,171,3
180,171,1
180,171,2
180,171,1
180,171,9
179,171,37
179,171,458
179,171,14
179,170,15
179,171,1134
179,171,1054
179,171,330
179,171,78355
225,129,27
224,129,5
224,129,1
224,129,4
224,130,1
225,129,1
225,129,1
218,129,3
218,129,1
218,129,2
217,129,2
217,129,1
217,129,4
218,129,2
218,129,1
217,129,20
217,129,1
217,129,3
208,158,5
207,158,1
207,158,1
207,158,1
207,158,22
208,158,23
208,158,2
208,158,1
208,159,18
207,158,2
207,158,2
208,158,11
209,157,8
209,156,25
216,118,7
215,118,5
216,117,1
216,117,1
216,117,4
216,117,27
175,120,25
195,119,18
195,118,17
195,120,11
195,120,1
195,120,1
195,120,1
195,120,1
196,120,25
192,138,3
193,138,8
193,137,1
193,137,2
193,137,2
193,137,31
193,137,4
193,137,3
193,137,1
193,137,4
193,136,3
193,136,1
193,136,1
193,136,1
193,136,1
193,136,3
193,136,3
193,136,1
193,136,1
193,136,2
193,136,1
193,136,1
193,136,1
193,136,3
193,136,2
192,136,6
192,136,1
192,137,5
192,137,9
192,136,14
192,135,16
192,136,6
192,136,3
192,136,1
192,136,1
193,136,1
193,136,1
193,136,7
193,136,2
193,136,31
188,122,1
188,123,1
189,123,1
189,124,1
189,125,4
189,128,2
189,129,2
190,131,1
192,134,1
193,137,25
166,124,5
166,123,10
165,124,1
165,124,2
165,124,1
165,124,25
212,150,5
215,149,2
214,149,8
214,149,1
214,149,1
214,149,26
214,149,1
214,149,1
214,149,1
214,149,1
214,148,12
213,148,2
213,148,1
212,148,32
212,149,1
212,150,6
212,150,2
212,149,2
211,148,1
192,146,10
193,146,5
193,145,13
192,145,38
179,167,6
179,168,4
179,168,2
179,168,2
179,168,2
179,168,5
179,168,4
179,168,41
178,168,20
179,168,1
179,168,9
179,169,2
178,169,7
178,168,1
178,169,19
194,112,1
194,112,9
194,113,43
194,113,2
194,113,1
194,113,1
194,113,1
194,113,1
195,113,12
195,112,3
195,112,3
195,112,2
195,112,1
195,112,2
195,112,1
195,113,1
195,115,1
194,113,4
194,112,1
194,112,1
193,112,1
193,112,1
193,112,1
193,112,2
193,112,1
193,112,1
193,112,3
193,112,9
193,112,6
193,112,3
193,112,5
194,112,22
194,112,8
195,112,5
195,112,6
195,111,7
195,111,3
195,111,1
195,111,1
195,111,11
195,111,3
195,111,6
195,111,1
195,111,1
196,111,1
196,111,3
197,111,22
196,111,1
196,111,1
195,111,1
195,111,1
195,111,1
194,111,1
194,111,3
193,111,15
192,111,2
192,111,9
192,111,32
193,111,29
192,111,14
192,111,3
192,111,1
192,110,3
193,111,3
193,111,6
193,110,13
193,110,1
192,111,2
192,112,1
192,112,25
219,145,1
219,145,5
219,145,2
219,145,1
219,145,22
219,145,1
219,146,4
219,146,1
219,146,1
219,146,5
219,146,16
219,146,41
219,146,1
219,146,1
160,162,1
161,162,4
162,162,5
162,162,1
162,162,2
162,162,12
162,162,4
161,162,9
160,163,36
160,163,5
186,107,1
186,107,2
186,107,2
186,107,8
186,106,6
186,106,3
186,106,1
186,106,25
185,115,1
185,115,4
185,115,1
185,115,1
184,115,16
184,116,10
184,116,3
184,116,3
184,116,2
184,115,2
184,115,2
184,115,21
184,116,1
184,116,4
184,116,3
184,116,3
184,116,25
222,126,1
222,126,6
222,127,9
225,126,1
225,126,10
224,126,13
224,126,2
225,126,1
223,126,4
223,125,6
224,125,22
225,124,1
225,124,1
225,124,2
225,124,3
225,124,1
225,124,1
225,124,1
225,124,35
224,124,28
223,123,1
223,123,4
223,123,2
223,123,1
223,123,2
223,123,1
223,123,5
225,125,25
226,124,19
225,123,22
225,123,3
225,123,1
225,123,1
225,123,1
225,123,1
226,123,7
224,123,24
223,124,59
222,124,20
222,124,11
222,124,1
222,124,1
222,124,1
222,124,1
214,124,1
214,124,8
214,123,1
213,125,1
213,125,11
213,125,3
213,125,3
213,126,12
213,126,4
213,125,2
213,125,1
213,125,6
214,126,6
213,127,2
213,127,15
213,128,1
213,128,9
212,128,2
212,128,1
212,128,1
212,128,1
212,128,1
212,128,25
216,110,1
216,110,22
217,110,25
166,111,1
166,111,10
167,111,14
166,110,3
168,111,2
168,111,1
168,111,1
168,111,3
168,111,1
168,111,3
168,111,3
168,111,6
168,115,1
168,115,2
168,115,1
168,115,1
168,115,2
168,115,2
168,115,32
169,114,2
169,114,1
169,114,1
169,114,3
169,114,3
169,114,4
169,115,17
169,116,10
169,116,47
169,116,2
169,116,2
169,116,3
169,116,1
169,116,1
169,116,2
167,115,2
167,115,1
167,115,1
167,115,2
167,115,1
167,115,41
167,115,1
167,116,3
167,116,1
167,116,14
168,116,25
203,138,1
203,138,5
203,139,5
203,138,1
203,138,1
203,138,34
203,139,3
202,138,6
175,158,2
175,158,4
175,159,2
211,109,25
211,110,73
212,110,4
210,110,15
184,123,23
184,123,3
183,123,7
183,124,1
183,124,1
183,124,1
183,124,2
183,124,2
183,124,37
213,110,1
213,110,29
212,109,3
213,109,56
213,109,1
193,129,6
192,129,2
192,129,2
192,129,1
192,129,5
192,129,4
192,129,21
192,130,11
192,129,4
192,129,1
192,128,38
192,128,3
210,152,1
210,152,20
210,152,1
210,152,2
209,152,1
209,152,3
208,153,22
208,153,1
207,153,41
207,152,2
207,153,17
207,153,27
207,153,6
211,131,8
210,131,1
210,131,1
210,131,1
210,131,24
211,131,3
210,130,28
211,130,9
211,130,3
210,130,1
210,130,1
210,130,1
210,130,1
210,130,2
215,132,8
215,132,25
215,132,2
215,132,2
215,133,1
215,133,18
215,133,5
214,133,1
214,133,2
214,133,3
214,133,1
214,133,1
214,133,1
214,133,3
214,133,6
214,133,1
214,133,3
214,134,8
214,134,10
214,133,25
182,120,1
182,120,9
181,120,3
183,120,14
183,121,2
183,121,7
183,120,3
184,120,14
184,120,2
184,120,2
184,120,2
184,120,1
184,120,2
184,120,1
184,121,35
184,121,1
168,122,5
168,122,17
168,122,5
169,122,25
168,129,2
167,129,12
167,129,4
168,129,35
168,130,6
225,163,2
225,163,12
224,163,4
225,161,2
225,161,1
225,162,1
224,162,1
225,161,1
225,160,1
226,160,1
226,160,1
227,161,1
227,161,5
227,162,1
225,161,1
225,163,4
224,163,1
224,163,1
224,163,12
224,163,1
224,163,1
224,163,1
224,163,5
225,163,1
225,162,1
225,162,5
225,162,5
225,162,4
226,162,4
226,162,64
227,162,14
226,162,5
190,150,1
190,150,3
190,150,2
190,150,2
190,150,5
190,150,11
190,151,4
191,150,1
191,150,11
201,114,30
201,114,1
221,115,21
221,115,1
221,115,1
221,115,25
226,108,34
226,107,2
225,108,10
188,120,3
188,119,32
188,119,1
188,119,1
188,119,79
188,120,21
188,119,2
188,119,1
189,120,1
189,120,1
189,120,4
189,120,8
187,120,5
188,120,6
188,120,1
188,120,8
188,121,9
187,121,1
187,121,1
187,120,1
187,120,1
187,120,1
187,120,1
187,120,3
187,120,1
187,120,2
187,120,4
187,120,2
187,120,24
187,120,2
185,121,1
185,121,1
185,121,8
185,121,3
184,121,3
183,121,14
183,121,1
183,121,1
183,121,2
183,121,3
183,121,4
183,121,7
183,121,25
163,108,2
163,108,27
182,146,25
182,146,1
182,146,1
182,146,18
182,145,2
182,145,1
182,145,1
182,145,2
181,145,1
182,145,1
182,145,11
183,146,3
183,146,1
183,146,2
183,146,28
183,146,1
160,156,1
160,156,17
160,155,37
177,138,3
177,138,4
177,139,1
177,139,1
177,139,2
177,139,2
177,139,34
200,162,2
200,162,8
200,162,1
200,162,1
200,161,14
200,161,1
200,161,31
200,161,1
200,161,1
200,161,8
209,170,1
209,170,2
209,170,3
209,170,15
208,169,4
208,169,4
208,169,2
208,169,1
208,169,1
208,169,7
208,169,43
208,170,18
209,169,1
209,169,1
209,169,1
209,169,1
209,169,1
209,169,3
208,168,2
208,168,1
208,168,26
207,168,19
207,169,5
207,168,1
208,167,2
208,167,35
208,167,3
208,167,1
208,167,1
208,168,1
209,168,19
209,167,15
209,166,2
208,166,9
208,165,1
208,165,13
208,164,12
208,164,1
208,164,2
208,164,1
208,164,1
208,164,1
208,164,1
207,165,3
207,166,1
207,166,27
207,166,2
207,166,2
206,167,1
206,167,1
206,167,2
207,167,1
207,167,1
207,167,25
209,129,1
209,129,26
209,129,2
209,129,1
209,128,1
209,127,2
209,127,18
209,126,25
206,132,1
206,132,5
206,133,3
206,133,1
206,132,1
206,132,25
205,132,2
206,132,4
205,132,2
206,131,4
206,131,32
206,131,1
206,131,1
201,115,1
201,115,14
200,115,31
200,116,1
200,116,9
200,115,1
200,115,1
200,115,12
207,137,3
207,137,27
223,170,10
223,170,2
223,170,1
223,170,1
223,170,1
223,170,1
223,170,1
223,171,1
222,171,38
222,171,1
222,171,2
222,171,2
222,171,1
222,171,2
222,171,2
176,151,7
176,151,10
176,150,39
226,168,1
226,168,21
225,168,8
225,169,2
225,169,1
225,169,3
225,169,89
226,169,48
225,169,1
225,169,2
225,169,8
226,169,2
188,119,1
189,120,1
189,120,1
189,120,2
189,120,3
189,120,1
188,121,30
189,121,3
188,121,1
175,149,1
175,149,7
175,149,4
175,149,8
175,148,14
176,149,2
176,149,1
176,148,2
176,148,2
176,148,1
176,148,3
176,148,4
176,148,25
209,113,1
208,112,6
208,113,2
208,113,1
208,114,14
208,114,2
208,114,1
208,114,1
208,113,1
208,113,2
208,113,5
208,113,2
208,113,2
208,113,1
208,113,1
208,113,1
208,113,35
208,113,5
208,114,17
208,114,2
208,114,1
208,114,2
208,114,2
208,114,1
208,114,1
208,114,1
208,113,1
208,113,5
208,113,7
208,112,1
209,112,19
209,113,10
209,113,1
208,113,5
208,112,2
208,112,2
209,112,10
209,112,4
209,112,6
209,112,13
208,113,25
226,170,1
226,170,34
225,170,11
196,117,17
196,118,80
208,171,22
209,171,12
209,171,9
209,171,1
209,171,1
210,171,19
210,171,13
210,171,1
210,171,1
210,172,14
209,173,3
209,173,2
209,173,1
209,173,1
209,173,3
209,173,3
209,173,27
209,172,1
211,172,46
211,172,4
211,172,2
211,171,9
212,171,1
212,171,1
212,171,1
212,171,1
212,171,1
212,171,1
212,171,1
212,171,7
178,133,1
178,133,11
177,133,4
178,134,25
208,112,1
178,124,1
211,125,1
214,168,4
214,168,12
214,168,2
214,167,3
214,167,1
213,168,1
213,168,1
213,168,1
213,168,1
213,168,2
213,168,4
213,168,3
213,168,5
213,168,29
213,168,2
213,168,1
215,169,2
215,169,1
214,168,2
193,109,3
193,109,2
193,109,1
193,109,25
205,142,32
205,142,2
205,142,1
205,142,6
204,142,3
204,142,4
204,142,30
204,141,2
204,142,1
204,142,2
204,142,2
204,141,1
223,139,1
223,139,21
223,140,9
222,140,3
222,141,25
195,117,14
197,117,1
194,118,2
194,118,1
194,118,3
194,118,1
194,118,1
194,118,2
194,118,26
194,117,6
195,118,25
216,155,1
216,155,15
216,155,1
216,155,2
216,156,2
217,156,36
216,156,6
216,156,1
216,156,1
217,156,2
164,114,21
164,113,2
163,113,17
162,112,1
162,112,3
162,113,1
162,113,1
162,113,1
162,113,1
162,113,1
162,112,5
162,112,11
162,112,5
162,112,1
161,112,2
161,112,1
161,112,1
161,112,2
161,112,2
161,112,6
163,113,13
163,114,8
163,113,1
163,113,1
194,172,29
194,173,5
172,119,7
172,119,1
172,120,1
173,119,3
173,119,1
173,119,1
173,119,3
172,119,38
172,119,1
172,119,1
163,117,3
163,117,1
163,117,1
163,117,14
163,117,2
163,117,1
163,117,1
163,118,26
163,118,2
163,118,1
163,118,1
163,118,1
198,124,1
198,124,22
198,125,44
195,107,12
194,107,2
195,107,1
195,107,1
195,107,1
194,107,2
194,107,2
194,107,1
194,107,8
195,108,10
195,107,2
195,107,3
195,107,5
194,108,6
193,107,2
193,107,1
193,107,1
193,107,2
193,107,1
193,107,2
193,107,21
193,106,25
193,168,3
193,168,18
194,168,36
194,169,14
160,134,2
160,134,1
160,134,2
160,134,1
160,134,2
160,134,2
160,134,12
160,134,25
185,149,3
185,149,17
184,149,2
184,149,1
184,149,1
184,149,2
184,149,5
184,149,6
184,149,3
184,149,24
184,149,1
184,149,1
184,149,1
184,149,1
184,149,2
184,149,1
184,149,1
185,149,1
185,149,6
185,149,5
186,149,6
185,148,2
185,148,4
185,147,14
185,147,3
185,147,1
185,146,8
185,146,1
185,146,2
185,146,4
185,146,4
185,146,1
185,146,3
185,146,3
185,146,4
185,146,1
186,146,9
186,145,3
186,144,6
186,144,4
186,144,1
186,144,1
186,144,1
186,144,1
186,144,1
186,144,7
186,144,4
186,144,3
186,144,2
186,144,2
186,144,6
186,144,5
186,144,7
186,144,1
186,144,12
186,145,17
185,145,6
185,145,24
185,144,8
185,144,3
185,144,7
184,145,4
185,144,12
185,145,21
185,144,5
185,144,27
185,144,13
184,144,3
184,144,5
184,144,1
181,107,1
181,107,5
181,107,2
180,107,1
180,108,14
180,108,3
179,108,6
180,109,25
161,153,1
161,153,2
161,153,4
161,153,30
161,154,9
161,153,20
160,153,3
160,153,1
160,153,5
160,154,10
160,154,2
160,154,8
160,153,1
160,153,3
160,153,9
160,153,5
160,153,6
160,153,1
1066,435,1
201,121,7
200,122,2
200,123,2
200,123,2
200,123,1
200,123,1
200,123,3
200,123,2
200,123,29
201,123,3
201,123,2
201,123,1
201,124,1
201,124,1
201,124,1
201,124,1
201,124,13
200,124,13
200,124,3
200,125,25
170,138,2
170,138,5
170,138,1
170,139,1
170,139,8
170,138,1
170,138,2
170,138,1
170,138,2
170,139,3
170,139,2
170,138,13
170,138,8
170,138,1
171,138,62
171,138,2
171,138,2
171,138,2
171,138,6
171,138,5
171,137,52
171,137,2
171,137,1
171,137,1
192,142,25
187,123,12
187,123,2
187,123,2
187,123,64
187,123,3
187,123,4
187,123,10
187,123,6
187,123,1
188,123,10
188,122,6
187,122,13
187,122,2
186,122,25
167,170,1
167,170,11
167,170,2
167,170,3
167,169,3
1068,432,1
164,124,12
164,125,29
164,124,8
164,124,1
164,124,5
164,125,4
164,125,1
164,125,1
164,125,1
164,125,1
164,125,3
191,143,2
192,143,1
192,143,1
191,143,4
191,142,32
191,142,7
192,142,1
190,142,1
190,142,1
190,142,2
190,142,2
190,142,5
190,142,47
190,142,3
190,142,3
190,142,1
190,142,2
190,143,1
190,143,2
190,143,2
190,143,15
189,143,5
189,143,1
189,143,1
189,143,1
190,143,1
190,143,1
190,142,1
190,142,2
190,142,1
190,142,4
190,142,3
190,142,1
190,142,4
190,142,7
190,142,1
190,142,3
190,142,3
190,142,1
190,142,2
190,143,8
190,143,5
190,142,25
173,164,1
173,164,2
173,164,5
173,164,15
173,164,1
174,164,1
174,164,2
174,164,15
174,164,38
174,164,1
174,163,1
174,163,1
175,164,1
175,164,16
175,163,2
174,164,3
174,163,10
174,163,12
174,163,47
174,163,1
204,168,6
204,168,2
204,168,2
204,168,6
204,168,20
205,168,3
205,168,3
205,168,5
205,168,5
205,168,27
204,167,10
205,168,1
205,169,1
205,169,2
205,169,2
205,169,1
205,169,2
205,169,4
205,169,2
205,169,7
205,169,1
205,169,2
205,169,5
205,169,1
205,169,1
205,169,4
205,169,2
205,169,2
205,169,1
205,169,4
205,169,8
205,169,9
205,169,4
205,169,5
205,169,2
205,169,11
205,168,20
205,168,3
205,168,1
205,168,2
205,168,3
205,168,1
205,168,1
205,168,1
205,168,1
205,168,4
205,168,9
205,169,2
205,169,19
205,169,1
205,169,88
205,168,5
205,168,5
205,169,77
205,169,1
206,169,16
205,169,16
210,149,1
210,149,13
210,149,10
210,149,1
210,149,2
210,149,2
210,149,8
210,149,5
211,149,33
211,149,1
211,149,2
211,148,9
211,149,15
211,148,15
210,148,3
210,147,3
210,147,2
210,147,1
210,147,2
210,147,2
210,147,1
209,147,1
209,147,1
209,146,1
209,146,2
209,146,6
209,146,3
209,146,4
208,146,7
208,146,8
208,145,7
209,145,3
208,147,25
216,166,9
216,166,7
216,166,6
216,166,7
216,165,1
216,165,1
216,165,1
216,165,3
216,165,2
216,165,1
216,165,2
216,165,1
216,165,1
216,165,25
206,121,1
206,121,10
206,121,25
171,167,1
171,167,1
171,167,1
171,167,2
171,167,1
171,167,2
171,167,1
171,167,1
171,167,1
171,167,1
171,167,12
171,168,24
171,168,8
171,168,12
170,168,2
170,168,1
170,168,1
170,167,1
170,167,1
170,167,1
170,167,6
170,167,15
170,166,2
170,166,1
171,167,4
171,167,16
171,168,1
171,168,25
191,141,5
191,141,25
221,125,4
221,125,1
221,125,1
221,125,3
221,125,1
221,125,9
221,125,10
221,125,1
221,125,1
224,165,7
224,165,1
224,165,3
224,165,28
224,166,1
224,166,1
224,166,25
218,147,7
218,147,8
219,148,42
219,147,16
219,149,9
219,149,9
219,149,2
219,149,1
219,149,2
219,149,1
219,149,1
219,149,1
219,149,1
219,149,2
219,149,1
219,149,2
219,149,24
219,149,1
219,149,1
219,149,1
219,150,2
219,150,4
219,150,1
219,150,5
219,150,5
219,150,1
219,150,8
220,151,15
220,150,2
220,150,10
220,151,14
220,152,25
173,155,3
173,156,4
173,156,7
173,156,1
173,156,1
173,156,9
173,156,1
173,156,3
173,155,2
173,155,12
173,155,25
174,159,1
174,159,5
173,158,2
173,158,1
173,158,2
225,129,12
225,128,12
226,129,36
226,128,12
225,128,1
225,128,1
225,128,2
225,128,3
225,128,2
225,127,2
225,127,1
225,127,23
226,126,21
226,126,1
226,125,29
195,119,2
196,119,9
196,118,29
196,114,1
196,114,5
196,114,1
195,114,1
195,114,1
195,114,25
197,146,7
196,146,1
196,146,2
197,146,22
197,146,2
196,146,3
196,146,3
196,146,5
196,146,1
196,146,2
196,146,12
163,112,13
163,112,20
163,112,1
163,112,1
163,112,9
163,112,3
163,112,1
163,111,3
163,111,1
163,111,1
163,111,1
163,111,52
162,111,5
162,111,2
162,111,2
162,111,2
162,111,2
162,111,37
162,111,1
162,111,1
163,111,1
163,110,7
213,112,1
213,112,26
213,112,2
213,111,2
213,111,42
214,112,4
213,111,2
213,111,2
213,111,1
213,111,1
213,111,25
212,134,1
212,134,25
190,118,1
190,118,25
172,108,2
172,108,16
172,109,13
172,108,1
172,108,1
172,108,4
172,108,3
172,108,5
172,108,11
171,108,1
171,109,1
170,109,4
170,109,1
170,109,3
170,109,3
169,109,1
169,109,25
189,116,7
189,116,1
189,116,1
189,116,4
189,116,1
189,116,1
189,116,4
189,116,1
189,116,4
189,116,4
189,116,1
189,116,5
189,116,12
189,116,25
165,155,1
165,155,19
165,155,7
165,155,16
165,155,1
165,155,13
166,154,1
166,154,2
166,155,5
166,155,11
166,156,1
166,156,1
166,156,1
166,156,1
166,156,1
166,156,2
167,156,6
166,155,3
166,155,1
166,154,9
167,153,22
167,154,21
166,153,1
166,153,1
166,153,3
166,153,3
166,153,2
166,153,2
166,153,1
166,153,4
166,153,2
166,153,1
166,153,1
166,153,2
175,124,1
175,125,2
175,126,1
175,127,1
175,128,1
174,128,2
172,132,1
170,135,1
170,136,1
170,136,1
169,136,3
169,137,1
168,139,2
167,143,3
167,144,3
167,145,2
167,146,11
167,146,4
167,146,1
175,165,3
176,165,1
176,165,1
176,165,8
176,165,1
176,165,2
176,165,2
176,165,2
176,165,3
176,165,3
176,165,22
176,165,7
175,166,2
175,166,2
175,166,1
175,166,1
175,166,2
175,166,1
176,165,1
176,165,1
176,165,1
176,165,2
176,165,1
176,165,1
176,165,2
176,165,1
177,165,12
177,165,19
177,166,2
177,165,5
177,165,3
177,166,1
177,166,6
177,166,1
177,166,1
177,166,2
177,166,1
177,166,1
177,166,4
177,166,9
177,166,2
177,166,4
177,166,4
176,166,1
178,165,15
203,133,2
203,133,1
203,133,4
203,133,22
203,134,25
203,134,14
203,135,7
202,135,1
202,136,8
202,136,42
202,136,2
203,136,3
202,136,26
203,136,1
201,136,25
183,162,25
212,114,1
213,114,11
214,114,8
214,114,8
214,114,2
215,114,8
215,114,25
164,110,1
164,110,19
164,110,4
164,110,25
162,111,3
162,111,2
161,111,1
161,111,8
161,112,14
160,112,5
160,113,1
160,113,1
161,113,3
162,113,1
161,113,20
160,113,3
159,113,18
159,112,11
159,112,1
159,112,25
189,159,1
189,159,25
215,120,2
215,120,10
215,120,9
215,120,1
215,120,1
215,120,4
215,120,1
212,122,1
212,122,5
211,123,3
211,123,25
192,118,1
191,118,1
191,118,2
191,118,5
191,118,4
191,118,20
191,117,25
176,137,16
176,136,25
172,106,11
172,106,1
172,107,1
172,107,10
172,107,2
172,107,1
172,107,2
172,107,2
172,107,15
172,107,3
172,107,3
173,107,1
173,107,8
173,105,10
173,105,8
173,106,1
172,105,25
181,151,7
181,151,7
181,151,2
181,151,25
192,161,15
193,161,1
192,160,1
192,161,1
192,161,1
192,161,20
192,161,1
192,161,1
192,162,25
164,114,1
164,114,29
163,114,6
224,161,3
224,161,2
224,161,1
224,161,1
225,161,1
225,162,1
225,162,1
225,162,1
224,162,1
224,162,3
224,162,4
224,162,7
224,162,21
224,161,6
224,161,5
225,161,10
225,160,3
225,161,1
225,160,5
226,160,1
226,160,28
226,160,15
226,160,35
226,160,1
225,161,59
225,161,14
225,161,31
225,161,12
225,160,7
218,164,2
218,164,3
218,165,7
218,165,1
219,165,10
219,165,4
181,155,31
181,155,1
181,155,1
181,155,1
182,155,2
182,156,4
182,156,1
200,131,25
198,143,8
199,144,1
199,143,8
199,144,2
199,144,2
199,144,2
199,144,2
199,144,6
200,144,5
200,145,16
200,145,29
199,145,8
200,145,2
200,145,1
200,145,1
200,145,1
200,145,1
200,146,5
200,146,25
210,155,12
210,155,2
210,155,1
210,155,1
210,155,1
210,155,2
210,155,2
210,155,1
210,155,1
209,155,31
195,144,2
195,144,7
195,144,2
195,144,2
1065,432,1
163,128,2
163,127,12
162,128,4
162,128,2
162,128,1
162,128,1
162,128,1
162,128,1
162,128,1
162,128,10
163,128,3
163,127,42
162,126,1
162,126,3
162,126,1
162,126,3
162,126,22
162,126,1
213,165,1
213,165,16
214,165,27
213,165,1
213,165,2
214,165,1
170,116,2
170,116,9
171,116,1
171,116,1
171,116,1
170,116,2
170,116,1
170,116,1
170,116,1
170,116,1
170,116,1
170,116,2
170,116,1
170,116,4
169,116,7
169,116,11
169,117,2
169,117,3
169,117,2
169,117,1
169,117,3
168,117,6
168,117,2
168,116,16
167,116,6
167,116,1
167,115,7
166,114,4
166,114,2
166,114,1
166,114,2
166,114,2
166,114,25
222,154,1
222,154,5
222,154,9
221,155,1
221,155,1
221,155,8
221,155,4
221,155,11
221,155,2
221,155,25
175,160,3
175,160,17
175,161,19
174,161,2
174,161,8
175,161,9
175,161,1
175,161,2
175,161,1
175,161,3
184,133,2
184,132,6
184,132,7
184,132,1
185,132,1
185,132,1
185,132,1
185,132,21
184,132,34
184,132,3
184,132,2
184,132,1
184,132,1
184,132,1
185,131,19
185,131,1
185,130,37
186,130,3
201,165,11
201,165,31
201,165,5
201,165,1
201,165,1
201,165,1
202,166,1
202,166,1
202,166,2
202,166,2
201,166,1
201,166,8
201,167,2
201,167,1
201,167,1
201,167,1
201,165,1
201,165,2
201,165,10
201,164,8
200,164,14
200,164,2
200,165,14
200,163,7
200,164,1
200,164,1
200,164,1
200,164,2
200,164,5
200,164,1
200,164,5
200,164,6
200,164,25
198,109,1
198,109,2
198,109,2
198,109,1
198,109,1
198,109,1
198,109,36
198,109,5
199,109,6
199,109,1
199,109,1
198,109,5
198,109,9
198,109,2
198,109,4
198,109,5
198,109,3
197,109,1
197,109,2
197,109,10
197,109,25
217,149,1
217,149,3
217,149,3
217,149,33
218,149,2
217,149,3
217,149,2
217,150,9
217,149,6
217,149,24
217,149,1
217,149,1
217,149,23
217,149,6
217,150,2
217,150,3
217,150,17
217,150,1
218,151,1
217,149,11
217,148,10
217,148,2
217,148,1
217,148,2
217,148,2
217,148,1
217,148,1
217,148,2
216,148,8
216,148,2
216,148,1
215,148,3
215,148,12
214,148,25
180,135,2
180,135,1
180,135,1
180,135,1
180,135,1
180,135,1
180,135,2
180,135,20
180,135,1
180,135,4
180,135,2
180,135,2
180,135,15
180,135,1
180,135,8
180,134,7
180,135,1
180,135,13
180,135,1
180,135,7
180,135,1
180,135,11
179,135,39
178,135,2
179,135,76
226,135,2
225,135,23
225,135,4
226,135,28
226,135,8
160,132,3
160,132,13
160,132,2
160,132,3
160,132,1
160,132,1
160,132,1
160,132,2
160,132,1
160,132,21
160,132,1
160,132,1
160,132,2
160,132,4
160,132,2
161,132,1
161,132,7
161,132,5
161,132,32
161,132,1
161,132,1
161,132,1
161,131,2
161,131,1
161,131,13
162,131,3
162,133,12
162,133,1
162,133,2
162,133,3
162,133,2
162,133,1
162,133,1
162,133,1
162,133,1
162,133,2
162,132,5
161,131,14
161,131,2
161,132,3
161,131,2
161,130,3
161,130,7
161,130,4
161,130,25
218,126,1
218,126,2
219,126,8
219,126,1
219,127,3
219,127,1
219,126,4
219,126,6
220,126,1
220,126,1
218,126,1
218,126,1
218,126,6
223,110,3
222,111,3
222,111,2
222,111,1
222,111,1
222,111,1
222,111,1
222,113,1
222,113,11
223,112,2
223,112,1
223,112,1
223,112,1
223,112,3
223,110,12
221,111,1
221,111,2
221,111,22
221,111,3
221,111,1
200,162,3
199,162,1
199,162,2
199,162,30
199,162,2
199,162,1
199,162,1
199,163,18
199,164,3
199,164,3
199,163,1
199,163,1
199,163,1
199,163,1
198,163,3
198,163,31
198,163,1
198,163,1
204,127,2
204,127,3
205,128,2
205,128,1
205,128,25
224,108,1
224,108,7
224,107,41
224,107,1
224,107,1
172,142,1
172,142,3
172,142,30
172,142,6
172,142,3
172,142,2
173,142,1
173,142,36
172,142,2
172,142,1
174,142,2
174,142,6
174,141,15
174,141,6
174,140,2
174,140,25
186,133,2
186,133,6
187,133,9
187,134,8
186,133,1
187,133,1
159,161,25
203,133,6
204,133,5
204,133,1
204,133,1
203,133,6
204,133,2
204,133,16
203,133,12
203,133,41
203,134,1
203,134,1
203,134,1
203,134,3
203,134,1
203,134,1
203,134,1
203,134,1
203,133,2
203,133,2
204,133,13
160,109,1
160,109,2
160,110,39
160,110,5
160,110,7
159,111,1
159,111,9
158,112,9
159,112,9
159,112,2
159,112,2
160,112,1
160,113,1
160,113,1
160,113,1
160,113,31
160,112,16
160,112,1
160,112,1
205,118,3
205,118,13
205,119,3
205,119,3
205,119,63
205,118,24
205,119,2
205,119,12
204,119,18
204,119,1
204,119,1
204,120,2
204,120,1
204,120,1
204,120,2
205,119,1
205,119,2
205,119,2
205,119,1
205,118,2
218,154,1
218,154,13
219,154,1
219,154,2
219,154,15
218,154,4
218,153,6
220,152,2
220,152,10
221,151,1
221,151,28
221,151,2
221,151,1
221,151,1
221,151,2
221,151,2
222,151,11
223,152,1
223,152,3
222,152,21
222,152,2
221,152,44
163,170,33
163,170,30
163,170,6
164,170,30
164,170,3
194,134,1
194,134,8
195,134,2
194,134,2
195,134,13
195,133,20
196,133,1
196,133,2
196,133,1
196,133,1
196,133,3
196,133,4
196,133,27
195,132,5
196,133,9
197,132,2
197,132,1
197,132,1
197,132,2
197,132,2
197,132,14
196,133,25
182,135,1
182,135,3
183,135,4
183,135,2
183,135,31
183,135,2
183,135,2
182,135,1
182,135,1
182,135,39
223,165,4
199,155,16
198,155,2
198,155,3
198,155,5
198,155,8
198,155,3
198,155,2
198,155,1
198,155,1
198,155,2
215,163,4
215,164,8
215,164,3
215,164,1
215,164,1
215,164,1
215,164,1
215,164,1
215,164,25
201,129,2
201,129,1
201,129,20
201,129,1
201,129,1
200,129,29
192,135,34
192,135,32
191,144,8
191,145,1
191,145,1
191,145,1
191,145,1
191,145,1
191,145,7
191,144,2
190,144,8
190,144,20
190,144,11
190,144,3
190,144,5
189,144,6
189,145,16
189,146,15
189,146,1
189,146,2
189,146,2
189,146,1
189,146,3
189,146,1
189,146,1
189,146,2
190,146,8
189,147,21
190,147,8
190,148,1
190,148,23
189,148,2
190,148,1
190,148,4
190,148,5
190,148,4
191,148,1
191,148,1
191,148,6
189,149,3
189,149,1
189,149,1
189,149,1
189,149,1
189,149,25
221,143,2
221,143,10
220,143,1
220,143,9
221,143,1
221,143,2
219,144,1
219,144,11
219,143,11
218,143,3
218,143,1
218,143,1
218,143,1
218,143,3
219,142,25
202,155,3
202,155,3
202,154,2
202,154,11
201,155,7
201,154,4
202,153,3
203,154,16
203,155,2
203,155,2
203,155,9
203,155,1
203,155,1
203,154,1
203,154,1
204,154,11
204,155,1
205,154,1
205,154,14
205,154,2
205,154,1
205,154,1
205,153,2
205,153,2
205,153,4
206,153,38
206,154,3
206,154,1
206,154,1
206,154,4
206,154,2
206,154,13
207,154,11
207,154,2
181,110,1
181,110,23
182,110,30
183,110,5
183,110,2
183,111,2
184,110,3
184,110,21
184,110,1
184,110,1
184,110,2
184,110,2
184,109,11
184,108,1
184,108,18
184,107,4
183,108,10
183,108,27
160,113,4
160,113,14
160,113,1
160,113,10
161,113,6
161,113,2
161,113,1
161,113,1
160,113,5
160,113,3
160,114,1
161,114,2
161,114,1
161,114,1
161,114,1
161,114,4
161,114,1
162,122,2
163,122,21
163,121,17
201,141,1
201,141,5
201,141,6
201,141,6
201,142,21
201,141,1
172,164,1
172,164,2
172,164,8
172,164,1
172,164,3
172,164,24
172,164,1
161,146,1
159,146,5
159,146,3
159,146,13
160,145,5
161,145,13
191,127,9
191,127,8
191,126,1
190,126,2
190,127,2
190,127,2
191,126,2
191,126,1
191,126,1
191,126,25
190,117,3
191,117,3
191,116,1
191,116,1
191,116,41
191,116,1
191,116,16
191,115,1
191,115,1
191,115,1
191,115,1
191,115,1
191,115,1
191,115,2
191,115,1
192,115,2
192,115,8
192,115,3
193,115,3
193,116,2
193,116,10
193,116,25
211,120,18
211,120,1
211,120,2
211,120,28
211,120,7
211,120,5
211,120,30
211,120,2
211,112,12
211,112,14
211,112,7
210,112,1
210,112,2
211,112,1
211,112,1
211,112,3
212,112,1
212,112,1
212,112,2
213,112,1
213,112,3
213,112,12
212,112,19
213,111,1
213,111,1
213,111,25
161,156,2
161,156,30
161,156,2
161,156,1
161,156,1
161,157,20
161,157,2
161,157,1
161,157,1
162,156,10
162,156,13
161,156,2
161,156,1
161,156,1
161,156,1
161,156,7
161,156,1
161,156,1
161,156,1
161,156,1
161,156,1
162,156,3
162,157,1
163,158,1
163,158,10
164,158,2
164,158,1
164,158,1
164,158,3
164,157,7
164,158,1
164,158,1
164,158,3
165,158,6
165,158,2
165,158,1
165,158,2
165,158,1
165,158,3
165,156,2
165,156,2
165,156,11
165,155,20
165,155,8
166,155,48
166,156,12
165,154,4
165,154,2
165,154,3
166,155,40
166,156,13
166,155,3
165,155,13
165,156,25
188,169,3
187,168,21
187,167,2
186,167,8
186,167,5
187,167,5
187,166,17
187,166,25
169,166,1
168,166,10
167,165,10
167,165,12
166,165,2
166,166,1
168,165,2
168,165,6
168,165,8
168,165,2
168,165,1
168,165,1
167,165,14
167,165,10
167,165,1
167,165,1
167,165,12
167,165,18
167,165,5
167,165,25
190,108,1
190,108,25
178,172,2
178,172,1
178,172,1
178,172,2
164,139,11
164,138,33
222,115,15
222,115,1
222,115,1
223,114,1
223,114,1
223,114,10
223,114,2
223,114,10
223,114,2
224,115,2
224,115,22
224,115,2
224,115,2
224,114,29
225,114,2
225,114,28
225,114,2
225,114,1
225,114,1
225,114,1
225,114,1
201,171,2
201,171,25
171,160,3
171,160,41
170,160,6
171,160,1
207,130,1
207,130,12
207,131,27
207,131,5
207,132,25
180,170,1
180,170,4
181,170,12
181,170,1
181,170,5
181,170,4
185,129,1
177,112,2
177,112,6
177,112,1
177,112,3
177,112,5
177,112,13
177,112,2
177,112,2
177,113,7
177,113,1
177,113,1
177,113,1
177,113,1
176,112,2
176,112,4
176,112,22
176,112,1
176,112,1
176,112,25
169,133,18
169,133,1
169,133,3
169,133,1
168,133,8
168,133,2
169,133,49
169,132,7
169,132,1
169,132,1
169,132,2
169,133,1
169,133,1
169,133,1
169,133,1
194,164,1
194,164,3
194,164,1
194,164,5
194,164,2
195,164,1
195,164,41
196,151,25
203,167,8
203,167,3
204,167,35
203,167,14
204,168,3
204,168,1
204,168,4
204,168,2
204,168,1
205,167,8
206,168,9
206,167,9
205,168,21
206,169,11
206,169,2
206,169,1
206,170,3
206,170,1
206,170,1
206,170,1
206,170,1
206,170,25
214,154,1
214,154,10
214,154,2
214,154,5
213,155,1
213,155,3
213,155,1
213,155,1
213,155,1
213,155,1
213,155,14
213,154,1
213,154,2
213,154,2
213,154,1
213,154,1
213,154,1
213,154,4
213,156,8
214,156,5
214,156,2
214,156,2
214,156,2
214,156,21
214,157,3
213,156,1
213,156,1
214,156,1
214,156,2
215,158,1
215,158,1
215,158,10
215,157,1
215,157,39
215,157,2
173,169,3
173,169,9
173,168,3
173,168,4
173,168,1
173,168,4
173,168,1
173,168,1
173,168,2
172,168,1
171,168,3
171,168,2
171,168,2
171,168,6
171,168,2
170,168,2
170,168,2
172,168,1
172,168,5
164,138,4
164,138,8
164,138,1
164,138,2
164,138,1
164,138,3
164,138,1
164,138,3
164,139,3
164,139,8
164,139,1
163,139,2
163,139,1
164,139,2
194,169,2
193,169,1
193,169,1
193,169,1
193,169,1
193,169,1
193,169,11
193,169,2
193,169,2
194,168,1
194,168,1
194,168,8
193,168,15
193,168,2
210,123,2
210,123,14
209,123,1
209,123,2
209,123,1
209,123,1
209,123,1
209,123,1
209,123,3
210,123,14
185,156,7
185,157,4
185,157,2
185,157,2
185,157,2
185,157,2
185,157,3
185,157,42
185,157,2
185,157,1
186,165,1
186,165,75
185,165,7
186,166,14
186,165,6
187,166,5
187,165,7
187,165,7
214,157,2
214,157,25
214,157,2
214,157,2
213,156,27
213,156,2
213,156,1
213,156,2
213,156,1
202,146,2
202,146,47
202,146,3
202,146,2
202,146,3
202,146,3
202,145,18
202,146,1
202,147,2
203,144,1
203,144,1
203,144,1
203,144,1
203,144,11
203,144,1
203,143,5
203,143,1
203,143,1
202,143,1
202,143,2
202,143,4
202,143,27
197,112,1
197,112,6
198,112,8
198,112,54
198,113,26
198,113,1
226,143,1
226,143,6
227,144,1
227,144,1
227,144,4
227,144,5
227,144,10
226,144,10
226,144,2
226,144,2
226,144,1
226,144,4
226,144,3
226,144,6
227,144,1
227,143,1
227,143,2
227,143,1
227,143,2
227,143,1
228,143,1
228,142,1
228,142,5
228,141,5
228,141,7
228,141,8
228,141,2
228,141,3
228,140,2
228,140,8
228,140,13
228,139,9
228,139,2
228,139,4
228,139,7
228,139,3
228,140,4
228,140,3
229,139,3
229,139,4
229,139,7
229,139,15
228,139,3
228,140,8
228,140,41
228,140,11
219,169,2
219,169,51
219,169,1
219,169,1
219,169,1
219,169,1
217,149,1
217,149,1
217,149,20
217,149,1
216,149,1
216,150,29
216,150,1
171,150,1
171,150,10
171,151,50
171,151,1
186,116,2
186,116,13
186,117,4
186,117,2
187,117,30
187,118,6
188,118,5
188,118,1
188,117,7
187,117,8
187,117,18
186,117,25
213,163,12
212,163,12
212,163,2
212,163,1
212,163,1
212,163,2
212,163,1
212,163,1
212,163,1
212,163,18
212,162,20
211,162,18
212,162,3
212,161,25
225,111,1
225,111,5
225,112,2
224,112,19
224,111,1
224,112,24
224,112,1
224,112,1
224,112,8
223,112,1
223,112,1
223,112,1
223,112,1
223,112,10
204,121,1
225,165,1
176,159,1
201,158,21
201,158,1
201,158,1
201,158,2
201,158,2
201,158,2
201,158,30
201,158,1
202,158,1
202,158,2
173,118,4
173,118,4
174,119,2
174,119,2
174,119,1
174,119,1
174,119,1
173,119,1
173,119,1
174,119,4
174,119,1
174,119,9
174,119,6
173,119,8
172,119,1
172,119,3
172,119,2
172,119,7
172,119,2
171,119,13
171,119,1
172,119,2
172,119,1
172,119,3
172,119,6
172,119,3
171,119,3
171,119,6
171,119,2
171,119,25
189,133,7
189,132,1
189,133,3
190,133,1
190,133,16
190,133,5
190,133,25
190,171,25
168,135,9
167,136,1
167,136,2
167,136,1
167,136,1
167,136,1
167,136,4
167,136,5
167,136,7
167,136,2
167,136,12
167,136,3
168,136,5
168,136,6
168,136,4
167,137,2
167,137,1
167,137,1
167,137,1
167,137,4
167,137,2
167,137,1
167,137,12
167,136,1
167,136,18
167,136,11
167,136,3
167,136,2
167,136,4
167,136,1
167,136,9
167,136,6
167,136,20
167,136,1
168,137,2
167,137,1
167,137,1
167,137,2
167,137,8
167,137,8
167,137,6
166,137,13
165,136,4
164,136,3
164,136,4
163,136,4
163,135,25
195,137,4
194,137,1
194,138,19
194,138,11
193,138,7
193,139,6
193,139,5
193,139,9
193,139,3
193,139,2
195,137,4
195,137,2
195,136,1
196,136,6
196,136,10
196,136,25
213,147,4
213,147,1
213,147,2
213,147,6
213,146,1
213,146,18
214,146,4
214,146,1
214,146,1
214,146,2
214,146,4
214,146,1
214,146,1
214,146,33
214,147,8
214,147,1
214,146,2
214,146,1
213,147,4
213,147,2
213,147,3
213,147,2
213,147,2
213,147,1
213,147,1
213,147,6
213,148,25
188,158,2
188,158,23
188,158,10
187,158,1
187,158,9
187,159,22
188,159,9
188,159,2
186,160,2
186,160,20
185,159,1
185,159,15
186,159,34
187,160,25
205,131,3
205,131,3
204,131,10
204,130,1
203,130,1
203,130,1
203,131,21
203,131,3
203,132,1
203,132,1
204,132,6
203,132,8
203,131,1
203,131,13
204,131,7
203,132,4
194,110,1
194,110,4
194,111,2
194,111,23
195,111,10
176,163,3
177,163,1
176,163,14
176,162,24
176,162,1
206,155,3
206,155,1
207,155,1
207,155,3
207,155,11
206,155,9
206,155,6
207,155,4
207,155,35
206,155,5
206,156,3
161,119,11
161,120,1
162,120,3
162,119,14
162,119,3
162,119,1
162,119,1
162,119,1
162,119,1
162,119,1
162,119,2
162,119,3
162,119,3
162,119,3
162,119,4
162,119,23
162,119,1
161,119,29
161,119,2
161,119,75
161,118,1
162,118,1
161,119,55
161,119,7
161,119,4
162,119,24
162,119,3
162,119,4
162,119,7
162,119,3
163,118,1
163,118,5
163,119,8
163,118,1
163,118,1
163,118,2
163,118,1
163,118,1
163,118,1
163,118,4
163,118,3
163,118,11
163,118,25
163,145,2
164,145,2
164,145,26
164,145,2
163,147,19
163,147,1
163,147,18
162,147,25
174,148,3
174,148,1
174,148,1
174,148,2
174,148,4
174,148,25
197,144,1
197,144,3
197,143,1
196,143,1
196,143,1
196,143,3
196,143,4
196,143,6
197,143,1
198,143,25
171,142,3
171,142,2
171,142,1
171,142,20
171,142,1
171,142,1
171,142,1
172,142,4
172,142,3
172,142,8
172,142,27
171,142,20
171,142,2
171,142,1
171,142,5
171,142,2
171,142,1
171,142,1
171,142,1
171,142,1
171,142,1
171,142,1
171,142,2
171,142,7
171,142,8
171,142,25
161,149,1
161,149,6
161,149,1
161,149,2
161,149,1
161,149,1
161,149,1
161,149,2
161,149,1
160,149,2
160,149,1
160,149,1
160,149,2
160,150,3
160,150,3
160,150,7
160,151,1
160,151,14
160,152,25
225,167,1
225,167,2
225,167,1
225,167,21
225,167,4
225,167,1
226,168,18
226,168,20
203,123,1
203,123,3
203,122,17
203,122,2
203,122,1
203,122,1
203,122,1
203,122,2
202,122,1
202,122,11
217,145,1
217,145,7
217,145,4
216,145,4
216,145,2
216,145,17
216,145,1
216,145,4
191,149,7
191,150,5
190,150,2
190,150,1
190,150,6
190,150,3
190,150,4
190,150,2
190,150,64
191,150,5
197,137,3
197,136,5
198,136,2
198,137,1
198,137,1
198,137,2
198,137,5
198,137,1
198,137,1
197,137,23
197,137,6
197,136,3
196,137,4
196,137,1
197,137,1
197,137,1
197,137,1
196,136,2
196,136,2
196,136,3
196,136,7
196,136,1
196,136,1
196,136,2
196,136,5
196,136,4
195,135,30
195,135,1
195,135,1
195,135,1
208,123,1
208,123,3
207,122,3
207,122,1
208,122,16
208,121,28
208,121,1
208,120,28
208,120,2
208,120,1
208,120,1
208,120,1
208,120,1
208,120,1
208,119,5
207,121,2
207,121,12
209,122,4
209,123,25
225,142,1
225,142,9
225,143,25
165,159,2
165,159,4
166,159,25
207,134,1
207,134,46
208,134,7
208,134,3
208,134,1
208,134,1
207,135,3
207,135,28
208,136,1
208,136,16
206,135,6
206,134,37
179,135,5
179,136,4
180,136,27
180,135,7
180,136,6
180,136,1
180,136,14
180,136,4
179,136,24
180,137,1
180,137,1
180,137,1
180,137,5
180,137,2
180,137,29
179,157,1
179,157,5
180,157,10
181,157,1
181,157,1
181,157,2
181,157,4
181,157,3
181,157,12
181,158,4
182,157,30
182,157,3
182,157,2
182,157,13
178,150,13
178,149,11
178,149,1
178,149,1
178,149,27
178,150,51
179,150,29
179,150,1
179,150,1
179,150,2
179,150,2
178,150,2
178,150,1
178,150,4
178,150,2
178,150,3
178,150,2
178,150,1
178,149,1
178,149,1
178,149,2
178,149,2
178,149,1
210,141,1
210,141,24
210,142,14
209,142,5
209,141,10
208,141,1
208,142,3
210,140,2
210,140,1
210,140,1
210,140,1
210,140,1
210,140,6
211,140,8
211,141,8
211,141,1
211,142,53
211,142,3
211,142,2
211,142,2
211,142,1
211,142,3
211,143,9
211,143,60
211,143,1
211,143,1
211,143,2
211,144,1
211,144,2
211,144,3
211,144,7
216,165,30
216,165,2
216,165,1
216,166,12
216,166,1
216,166,17
216,166,1
215,166,2
215,166,4
215,166,61
216,166,4
215,166,26
215,166,3
215,166,1
217,165,1
217,165,3
217,165,3
217,165,3
217,165,2
217,165,2
217,165,3
217,165,3
217,165,23
217,165,1
217,165,1
216,165,1
216,165,2
216,165,1
216,165,6
218,164,4
218,164,7
218,164,6
217,164,1
217,164,1
217,164,9
217,164,3
217,164,11
217,164,24
217,163,14
216,163,3
216,163,9
216,163,1
216,163,2
216,163,7
216,163,1
216,163,1
216,163,2
216,163,1
216,163,2
216,162,1
216,162,1
216,161,5
216,160,3
216,160,1
216,160,5
216,160,4
216,160,2
216,160,4
216,160,20
215,160,11
215,160,2
215,160,2
215,160,3
215,160,2
215,160,2
215,160,1
215,160,4
215,160,2
215,160,1
215,160,1
215,160,4
215,160,4
215,160,5
215,160,1
214,160,4
214,160,3
213,160,1
214,160,4
215,160,3
215,160,1
215,159,1
216,159,1
214,159,3
216,159,15
216,159,9
217,159,1
217,158,8
216,159,5
216,159,2
216,160,12
216,160,16
217,160,12
215,160,1
215,161,2
214,161,15
213,162,18
212,162,9
212,161,44
213,161,2
196,169,1
196,169,4
196,169,19
196,169,18
196,169,4
196,169,1
196,169,1
196,169,1
196,169,10
196,169,2
196,169,28
196,169,5
166,160,6
166,160,14
166,160,1
166,160,1
166,160,5
166,161,5
166,161,19
165,161,17
165,161,6
165,161,5
165,161,8
165,162,3
165,162,2
165,162,7
165,162,7
165,162,2
165,162,1
165,162,7
165,162,1
165,162,2
165,162,7
165,161,5
165,162,4
165,162,1
165,162,1
165,162,3
165,163,5
164,163,11
164,163,11
165,163,6
164,164,4
163,164,52
162,164,12
163,164,1
163,165,19
162,165,22
163,166,13
163,166,7
163,165,4
162,165,3
162,165,12
162,165,9
161,165,25
160,155,22
160,155,37
160,155,5
160,155,1
160,154,15
161,154,13
161,154,10
162,154,9
162,153,20
161,153,25
164,154,1
164,154,2
164,154,17
164,154,9
164,154,25
219,125,1
219,125,3
219,125,3
219,125,1
219,125,6
219,125,3
220,126,9
220,126,7
220,126,44
220,126,25
220,125,17
220,125,6
204,140,1
204,140,1
204,140,2
204,140,15
204,140,2
204,140,2
204,141,3
204,141,1
204,140,2
204,140,47
178,135,5
177,135,9
177,134,34
177,134,3
177,134,1
177,134,1
177,134,1
177,134,1
163,116,5
163,116,16
162,116,9
162,116,3
162,116,2
162,116,49
162,117,1
162,117,3
162,117,2
162,117,1
162,117,1
162,117,1
162,117,13
163,117,4
163,116,35
163,116,2
163,116,1
163,116,1
163,116,1
163,116,1
163,116,1
163,116,1
163,116,12
163,116,1
163,116,1
163,116,1
163,116,2
163,115,10
163,115,3
163,115,2
163,115,1
163,115,2
163,115,2
219,116,1
219,116,9
218,115,6
219,115,16
218,116,7
218,116,1
184,135,42
184,135,17
184,135,1
195,161,25
210,166,5
210,165,3
210,165,1
210,165,1
210,165,9
210,165,1
210,165,2
210,165,2
210,165,1
210,165,2
210,165,1
210,165,1
212,166,1
212,166,15
212,167,2
212,167,9
212,166,5
212,166,2
212,166,5
212,166,2
212,166,13
211,166,2
212,165,37
212,165,3
212,165,4
212,165,1
212,165,21
212,165,14
212,165,7
212,165,7
212,165,2
212,165,78
212,165,197
212,165,76
212,165,23
224,139,2
223,139,3
223,139,2
223,139,10
222,139,1
223,139,7
223,140,15
223,139,4
223,139,32
223,139,23
223,139,15
223,139,25
224,140,3
224,140,2
224,141,31
224,141,27
223,141,4
223,141,1
223,141,1
223,141,1
222,141,3
222,141,4
222,141,2
222,140,5
222,140,3
221,141,2
221,141,2
221,141,1
221,141,1
221,141,2
221,141,2
221,141,9
220,141,11
222,142,1
222,142,1
222,142,4
222,142,2
222,142,38
222,142,11
191,142,1
191,142,22
192,142,8
191,143,2
191,143,1
191,143,2
191,143,4
191,143,3
191,143,13
190,143,6
191,142,3
190,142,1
190,142,1
190,142,20
190,142,18
190,142,25
180,155,2
181,155,7
180,155,1
180,156,1
180,156,18
180,156,7
180,156,4
193,132,1
193,132,22
192,132,2
192,132,1
192,132,1
192,132,1
192,132,1
192,132,8
192,132,3
164,117,1
164,117,1
165,116,16
165,116,4
165,117,10
166,117,26
166,116,2
165,118,4
166,118,1
166,118,2
212,136,1
212,136,17
211,136,22
220,117,1
220,117,16
220,116,10
219,116,6
219,117,4
220,116,3
200,121,7
200,121,3
201,121,25
202,142,13
202,142,1
202,142,9
203,142,1
216,140,4
216,139,2
216,139,1
216,139,1
216,139,16
216,138,53
216,138,1
217,138,7
217,138,5
217,139,2
217,139,1
217,139,1
217,139,9
216,138,4
216,138,1
216,138,3
216,139,3
216,139,4
216,139,1
216,139,2
216,139,1
216,139,1
216,139,1
216,139,1
216,139,1
216,139,5
216,139,1
217,139,5
217,139,2
216,139,1
216,139,2
216,139,3
216,139,5
215,139,3
214,139,2
214,139,1
214,139,4
214,139,3
214,139,10
214,139,1
213,139,25
213,139,2
213,138,1
214,138,12
214,137,9
215,137,5
215,137,2
186,140,37
186,139,10
222,128,14
221,128,19
222,128,2
222,129,2
222,129,2
222,129,1
222,128,2
222,128,1
222,128,1
222,128,1
222,128,25
213,148,3
213,149,12
213,149,3
213,149,1
213,149,1
213,149,1
213,149,2
213,149,3
213,149,6
213,148,5
211,150,12
212,150,8
211,150,11
212,151,19
211,151,10
211,150,1
211,150,1
211,150,1
211,150,3
210,150,1
210,150,2
210,150,5
210,150,23
210,150,25
183,154,1
183,154,2
183,154,1
183,154,1
183,154,1
183,154,2
183,154,1
183,154,2
183,154,4
183,154,25
183,154,1
183,153,28
183,153,1
183,153,1
183,153,1
183,153,2
183,153,6
183,153,25
171,172,4
171,173,1
171,174,14
175,175,1
175,176,2
175,176,1
175,175,2
175,175,3
175,175,6
175,175,22
176,175,23
177,175,24
177,175,4
178,175,12
178,174,2
178,174,25
211,147,1
212,148,1
212,148,13
212,148,4
213,148,11
213,148,1
213,148,25
222,149,1
222,149,3
222,149,3
222,149,8
221,149,1
221,149,1
222,149,25
208,172,5
208,172,8
208,172,14
208,172,16
208,172,2
208,172,2
178,130,1
178,130,7
177,130,26
178,129,6
189,114,6
189,114,1
189,113,1
189,113,1
189,113,1
189,113,1
189,113,7
189,113,21
189,113,1
218,112,1
218,112,11
218,112,5
218,112,3
219,112,1
219,112,3
219,111,2
219,111,4
219,111,10
198,129,25
198,128,15
204,142,11
205,142,5
204,141,24
178,114,25
177,114,11
177,114,4
180,140,3
179,140,6
179,141,4
179,141,1
179,141,2
179,141,1
179,141,2
179,141,1
179,141,4
178,141,2
179,142,3
178,142,11
224,121,3
224,121,12
225,121,3
225,121,4
162,142,3
161,142,7
161,141,3
161,141,2
161,143,2
162,143,3
162,143,2
162,143,1
162,143,26
162,143,3
162,143,3
161,143,3
162,143,1
162,143,24
162,142,30
209,168,1
209,168,3
209,168,18
210,168,1
209,168,44
207,165,4
206,164,1
206,164,1
206,164,1
206,164,2
206,164,4
206,164,26
184,162,1
184,162,9
184,162,1
184,162,1
184,162,11
184,162,19
185,162,1
186,162,3
186,162,3
186,162,1
186,162,2
186,162,4
185,162,14
185,162,41
185,161,4
220,124,2
220,125,4
220,124,3
220,125,1
220,125,9
220,125,1
220,124,14
220,124,7
220,124,18
220,125,25
199,156,6
199,156,4
199,156,12
199,156,5
200,157,4
201,157,3
201,157,1
201,156,17
202,156,7
202,156,1
202,156,1
202,156,5
202,156,1
202,156,1
203,155,5
203,155,1
203,155,1
203,155,1
203,155,1
203,155,2
203,155,1
203,155,1
203,155,1
204,155,2
204,155,15
204,155,1
204,155,2
204,155,4
204,155,25
205,165,9
205,165,2
205,165,4
205,165,1
205,165,1
205,165,2
206,165,3
206,164,1
206,165,2
206,164,2
206,163,4
206,163,1
207,163,7
207,163,5
206,163,1
206,163,1
206,163,2
206,163,1
206,163,6
206,162,5
207,162,6
207,162,3
207,162,22
208,163,4
208,163,2
208,163,2
208,163,8
208,162,8
208,161,1
208,160,11
208,160,1
208,160,2
209,160,2
209,160,25
178,143,11
179,143,6
179,143,5
179,143,13
179,144,4
179,144,1
179,144,1
179,144,2
179,144,9
179,144,4
187,126,1
187,126,7
186,126,4
186,126,1
186,126,2
186,126,1
186,126,1
186,126,2
186,126,18
186,126,1
185,126,2
184,136,8
184,135,25
168,134,18
167,134,3
167,135,1
167,135,1
167,135,1
167,135,3
167,135,2
167,135,10
167,135,1
167,135,2
167,135,2
167,135,1
166,134,4
165,134,3
165,134,26
165,134,3
165,134,4
164,133,2
163,133,1
163,133,1
163,133,3
163,133,2
163,133,1
202,153,25
216,114,31
216,113,11
216,113,5
216,114,2
216,114,2
216,114,2
216,114,1
216,114,1
216,114,9
216,115,1
216,115,1
216,115,1
216,115,1
216,115,25
170,158,1
170,158,9
170,158,1
170,158,2
170,158,3
170,157,17
171,157,1
171,157,2
171,157,2
171,157,1
171,157,1
171,157,1
171,157,17
171,156,4
171,156,32
170,131,2
170,131,7
170,131,2
170,131,7
170,130,25
206,156,1
206,156,25
205,168,1
205,168,4
206,168,4
206,168,1
206,167,5
207,167,19
207,166,1
207,167,3
207,167,1
207,167,1
207,167,16
208,167,2
208,167,2
208,167,41
208,167,1
208,167,3
183,146,3
183,146,1
184,146,1
184,145,4
184,145,1
184,145,19
183,145,3
184,145,1
184,145,1
184,144,1
184,144,1
184,144,1
184,144,4
184,144,1
183,145,1
183,145,1
183,145,1
183,146,2
183,146,1
217,113,2
217,113,4
217,113,25
193,127,1
193,127,3
193,127,1
193,127,2
193,127,1
193,127,1
193,127,1
193,127,1
193,127,18
193,127,2
193,126,8
193,126,1
197,146,1
190,154,1
163,141,1
223,130,1
191,114,1
177,152,1
218,138,1
197,135,6
199,134,2
198,134,16
197,134,1
197,134,1
197,134,1
197,134,2
198,134,52
199,134,2
199,134,2
199,134,2
199,134,1
199,134,1
199,134,1
199,134,46
173,126,1
173,126,44
173,126,8
173,126,5
173,126,4
173,126,1
173,126,1
212,122,1
212,122,33
212,122,1
212,122,2
212,122,75
212,122,2
212,122,1
212,122,14
212,122,2
212,122,1
212,122,1
212,122,1
212,121,19
213,122,1
213,122,20
213,123,1
213,123,13
212,121,31
222,154,14
222,155,2
221,155,2
221,154,23
222,154,1
221,154,1
221,153,1
221,153,45
221,154,3
170,117,33
170,117,6
170,117,2
170,117,2
165,124,17
164,124,1
165,124,1
165,124,1
165,124,24
165,124,1
165,124,3
165,124,2
165,124,1
165,124,1
165,124,1
165,124,2
165,124,1
165,124,1
165,124,4
165,124,2
165,124,3
165,124,20
165,124,35
210,162,24
210,162,4
210,162,3
210,162,1
210,162,1
210,162,5
210,162,2
210,162,2
210,162,7
210,162,4
210,162,2
210,162,2
209,162,1
209,162,1
209,161,1
209,160,1
209,160,2
210,160,3
210,159,1
210,159,3
210,159,6
211,159,8
211,158,2
211,157,1
210,157,2
210,157,1
209,157,1
209,157,5
209,157,4
209,156,25
206,131,2
206,131,2
206,131,2
206,131,1
206,131,38
206,131,2
221,142,2
221,142,4
220,142,5
220,142,21
220,143,30
219,143,28
219,143,10
219,143,12
219,143,21
218,143,6
219,143,25
213,127,2
213,127,1
213,127,14
213,127,32
213,127,1
213,127,2
213,127,5
214,172,1
214,172,1
214,172,1
218,173,16
218,173,3
217,173,5
218,172,16
217,172,1
218,171,25
215,121,1
215,121,12
198,142,10
198,141,3
199,142,9
199,141,1
198,142,2
198,142,2
198,142,3
199,142,21
199,142,3
199,142,4
199,142,1
199,142,2
199,142,2
199,142,2
200,142,1
200,142,1
200,142,1
199,142,3
199,142,1
199,142,3
199,142,8
199,142,3
199,142,2
199,142,1
199,142,3
199,142,2
199,142,3
198,142,1
198,142,3
198,142,10
198,142,1
198,142,4
198,142,3
198,142,6
198,142,2
198,142,12
198,142,12
198,141,4
198,141,10
198,141,2
198,141,12
197,142,3
197,142,5
197,142,23
197,141,25
198,137,29
198,137,75
175,163,33
175,163,15
174,163,32
174,163,1
174,163,6
174,163,38
174,163,1
174,162,2
174,162,17
174,162,41
216,111,18
216,110,7
216,110,1
216,110,1
216,110,1
216,110,5
216,111,1
216,111,2
216,111,17
216,111,25
209,109,15
208,109,12
208,109,1
208,109,1
208,110,1
208,110,2
208,110,1
208,110,1
208,110,1
208,110,1
208,109,1
208,109,2
208,109,9
208,109,5
208,108,25
168,166,1
167,167,3
166,167,1
166,167,1
166,167,6
166,167,3
166,167,1
166,167,1
166,167,5
166,167,8
166,168,1
166,168,25
212,137,1
212,137,7
212,137,2
211,137,6
212,136,1
212,136,1
212,136,1
212,136,1
211,136,1
211,136,2
211,136,4
211,136,2
211,136,3
211,137,1
211,136,4
211,136,3
209,137,1
209,137,2
209,137,5
211,138,3
211,138,1
211,138,1
211,138,1
211,138,3
211,138,1
211,138,2
211,136,25
202,142,13
202,142,2
202,142,1
202,142,13
202,143,3
202,143,1
202,143,2
183,142,4
183,142,1
183,142,1
183,142,15
183,142,5
183,141,3
183,141,1
183,141,2
183,141,1
183,141,1
183,141,1
183,141,1
183,141,21
183,141,1
183,141,7
183,141,7
183,141,2
183,141,1
183,141,4
183,141,6
183,141,7
182,141,3
182,141,10
181,141,2
183,140,25
192,161,1
192,161,3
192,161,3
192,161,2
192,161,8
192,161,1
192,161,4
192,161,1
192,161,1
192,161,1
192,161,7
192,161,25
223,107,1
223,107,3
223,107,2
223,107,1
223,107,3
224,107,2
223,107,1
223,107,1
223,107,25
222,152,3
222,150,32
222,151,3
212,172,1
212,172,2
212,172,6
212,173,2
212,173,26
212,173,1
220,160,1
220,160,12
220,161,1
220,161,21
220,161,3
220,161,2
220,161,2
219,161,1
219,161,4
219,161,2
219,161,1
219,161,3
219,161,2
218,160,1
218,160,2
218,160,1
218,160,1
218,160,1
218,160,1
219,161,10
219,162,14
219,162,2
219,162,2
219,162,1
219,162,3
219,162,4
219,162,1
219,162,1
219,162,4
219,162,1
219,162,15
219,162,16
218,163,3
218,163,1
219,162,21
219,163,2
219,163,10
219,163,6
219,163,5
219,162,3
218,162,3
218,162,1
218,162,2
218,162,7
219,161,20
220,162,6
221,162,7
221,163,5
222,162,4
221,163,3
221,163,2
220,163,3
220,164,41
219,165,10
218,168,1
218,168,5
218,168,1
218,168,1
218,168,25
180,118,10
179,118,27
179,119,18
180,119,1
180,119,1
180,119,1
180,119,2
180,119,2
180,119,27
164,149,1
164,149,34
164,149,1
164,149,1
164,149,1
164,149,1
163,149,1
161,153,2
161,152,2
161,153,16
161,153,2
161,153,7
160,154,18
161,154,10
161,155,2
161,155,4
160,153,2
160,153,1
160,153,1
160,153,1
160,153,1
160,153,1
160,153,44
161,152,24
160,153,4
183,132,17
182,132,46
182,132,10
226,155,11
226,155,1
226,155,1
226,155,18
225,155,6
226,154,19
226,156,44
227,156,1
227,156,1
227,156,1
227,156,4
227,156,3
227,156,9
227,156,2
227,156,1
227,156,1
226,157,12
226,157,1
226,157,1
226,156,2
224,129,1
224,129,10
226,129,3
226,129,36
226,129,1
226,129,1
226,130,2
226,130,2
226,130,21
227,129,7
226,128,3
227,128,6
227,128,7
227,128,1
227,128,1
227,127,1
227,127,1
227,127,1
227,127,1
227,127,1
227,127,8
227,127,12
227,128,4
227,129,1
227,129,1
227,129,23
226,130,34
227,130,6
226,129,3
181,130,1
181,130,10
181,131,21
181,131,1
181,131,2
181,131,1
181,131,2
181,131,2
181,132,1
180,131,1
180,131,1
180,131,3
180,130,35
180,130,1
164,171,4
164,171,22
164,170,25
189,171,25
188,171,2
188,171,2
188,171,1
188,171,1
188,171,1
188,171,1
188,171,27
188,171,2
188,170,11
188,170,26
167,126,10
167,126,5
177,152,10
176,152,27
176,153,25
211,165,19
210,165,18
210,165,33
211,165,3
211,165,3
211,165,22
210,165,2
210,165,1
210,166,4
210,166,2
210,166,17
211,166,6
211,165,15
211,165,42
211,166,1
212,166,1
212,166,12
212,165,4
167,109,1
167,109,25
180,131,15
180,131,1
180,131,1
180,131,1
180,131,25
165,161,1
165,161,2
165,161,1
165,161,7
165,161,2
165,161,1
165,161,1
165,161,2
165,161,1
165,161,1
165,161,1
165,161,1
165,162,6
165,162,1
165,162,3
165,162,1
165,162,1
166,162,3
166,162,5
166,162,1
166,162,6
166,162,1
166,162,1
166,162,2
166,162,2
166,162,9
166,162,3
166,161,2
166,162,4
166,162,5
166,162,2
166,162,1
166,162,3
165,162,2
165,162,6
165,162,5
165,162,2
165,162,1
165,162,17
165,162,25
163,129,1
163,129,2
163,129,1
163,129,1
164,129,1
164,130,5
164,130,6
164,130,9
164,130,1
164,130,3
164,130,3
164,130,16
163,130,2
163,130,2
163,129,7
163,128,25
162,173,25
188,151,25
186,152,11
186,153,1
186,153,25
174,111,25
217,166,1
217,166,2
217,166,1
217,166,5
217,166,2
217,166,1
217,166,1
216,166,3
216,166,20
216,166,8
216,166,1
216,166,1
216,166,1
216,166,6
216,166,1
216,166,1
216,166,6
216,165,13
217,166,16
217,166,11
217,166,19
217,166,1
217,166,1
216,165,1
216,165,11
217,165,2
217,165,3
217,165,3
217,165,9
216,165,4
216,165,5
216,164,1
216,164,4
215,164,10
215,163,3
215,163,1
215,163,1
215,162,4
215,162,5
215,164,4
215,164,3
215,164,8
215,164,2
216,165,9
216,166,25
207,144,18
207,143,4
207,142,1
207,142,2
207,142,5
207,141,3
207,141,14
207,142,8
207,143,25
218,111,5
218,111,20
217,111,2
217,111,1
217,111,2
217,111,2
217,111,2
217,111,5
217,111,4
217,111,1
217,111,25
220,128,3
220,129,25
212,155,12
212,155,1
212,155,1
212,155,1
212,155,2
212,155,1
212,155,15
213,155,3
213,155,1
213,155,25
178,119,2
178,119,4
178,118,3
178,118,2
177,118,6
176,118,3
176,118,1
176,118,2
176,118,8
176,118,2
176,118,2
176,118,1
176,118,1
177,118,2
178,118,25
206,132,28
206,132,2
206,133,2
206,133,1
205,132,1
205,132,2
205,132,1
205,132,2
206,132,1
206,132,1
206,132,1
206,132,3
205,132,2
205,132,11
205,133,27
205,133,2
183,151,2
183,151,2
183,150,24
183,150,1
183,150,1
183,150,1
183,150,1
183,150,4
183,150,1
183,149,1
184,149,25
161,144,2
161,144,3
161,144,1
161,144,1
161,144,1
161,144,1
161,144,1
161,144,1
161,144,1
161,144,17
161,144,3
161,144,1
160,145,6
160,145,6
160,145,25
160,145,2
160,144,3
160,144,1
160,144,8
160,144,2
160,144,6
160,144,25
215,138,7
215,138,5
215,138,1
215,138,1
215,138,4
215,137,1
215,137,1
215,137,12
215,137,2
215,137,33
215,137,2
215,138,5
215,138,1
215,138,3
215,138,4
215,138,6
215,138,2
214,137,1
214,137,28
215,137,11
214,137,9
214,137,2
214,137,2
214,137,1
214,137,3
214,137,5
214,137,10
213,137,15
213,137,2
213,137,19
213,137,2
213,137,5
213,137,2
213,137,1
213,137,2
213,137,2
213,137,2
213,137,1
213,137,2
213,137,6
214,137,1
213,137,1
213,136,3
213,136,17
213,136,2
213,135,15
213,134,7
213,134,1
214,134,2
214,133,3
215,133,1
215,133,1
215,133,3
216,133,4
216,132,16
216,132,6
217,132,14
217,133,6
217,132,25
184,152,1
184,152,6
184,152,5
184,152,3
184,152,1
184,152,1
184,152,1
184,152,1
184,152,1
184,152,3
184,152,3
184,152,15
184,152,5
184,152,13
183,152,25
212,134,2
212,134,8
212,134,9
212,134,8
212,134,1
211,134,4
211,134,5
211,134,2
211,134,4
211,134,2
211,135,1
211,135,1
211,135,1
211,135,4
211,135,11
211,135,16
211,135,26
211,135,2
212,135,10
213,135,7
214,134,15
215,133,25
179,122,9
179,122,2
179,122,1
178,122,2
178,122,1
178,122,8
178,121,6
178,122,1
177,122,7
178,122,20
178,123,1
176,122,3
176,121,1
212,127,1
212,127,33
213,127,1
165,160,25
223,123,8
223,123,20
222,123,5
222,124,1
223,123,2
223,123,2
223,123,2
189,167,2
188,167,9
188,168,28
189,168,18
189,168,2
189,168,1
189,168,1
189,168,1
189,168,1
189,168,25
189,146,2
189,146,61
189,146,12
189,147,3
189,146,2
189,146,2
188,146,16
187,145,1
187,145,3
186,145,8
186,145,1
186,145,1
186,146,16
186,145,1
186,145,3
187,146,2
187,146,1
187,146,2
187,146,4
187,146,1
187,146,1
187,146,1
187,146,23
186,146,1
187,147,16
187,147,2
187,147,1
187,147,1
187,147,2
187,147,2
188,147,1
185,170,25
191,159,8
191,159,1
163,126,2
163,125,25
163,171,11
163,171,4
163,171,2
163,171,1
163,171,2
163,171,1
163,171,1
163,171,1
163,171,1
164,170,10
225,127,2
225,128,6
226,128,4
226,127,5
225,128,9
225,128,1
225,128,1
225,128,1
1066,433,1
186,120,1
186,120,11
186,120,8
187,120,8
185,120,6
185,121,2
185,121,1
185,121,1
185,121,4
185,121,32
185,121,6
184,121,21
184,122,28
183,121,9
183,122,40
183,122,1
183,122,3
183,122,2
183,122,1
183,122,1
183,122,1
182,156,19
182,156,1
183,156,2
209,155,1
209,156,5
209,155,1
209,156,14
208,156,1
208,155,1
208,155,25
187,160,25
185,109,11
186,109,10
185,108,6
185,108,4
185,108,5
186,107,7
186,107,3
186,107,2
186,107,1
186,107,1
186,107,2
185,109,49
187,110,1
188,110,1
188,110,1
188,110,2
185,109,1
185,109,3
185,109,4
185,108,18
184,108,11
185,109,1
185,109,2
186,109,10
187,109,2
187,109,1
187,109,3
187,109,1
187,109,1
187,109,61
187,110,10
188,108,4
188,108,1
187,108,1
189,150,28
189,150,1
189,150,19
189,149,3
190,150,1
190,150,17
190,151,7
190,151,4
190,151,39
190,151,3
190,151,3
189,151,2
189,151,8
190,151,4
190,151,1
190,151,1
189,151,32
189,151,1
183,129,2
183,129,10
184,130,1
184,130,1
184,130,1
184,130,2
184,130,2
184,130,7
184,130,1
184,130,1
184,130,1
184,130,8
185,131,5
185,131,4
185,131,2
185,131,4
185,131,2
184,131,6
184,132,3
184,132,1
183,132,1
185,131,1
183,132,18
184,132,1
183,133,20
182,133,2
182,133,1
182,133,1
182,133,10
182,134,25
194,148,1
194,148,10
194,148,3
195,148,17
195,148,12
195,148,3
195,148,4
195,149,10
194,149,1
194,149,1
194,149,1
194,149,2
194,149,2
194,149,11
194,150,7
193,150,25
193,151,1
193,151,67
191,126,3
192,125,5
193,125,15
194,125,3
195,125,3
195,125,1
195,125,3
195,125,2
195,125,1
195,125,2
195,125,3
195,125,1
224,142,6
224,142,25
205,114,13
204,114,25
211,119,3
210,119,17
210,119,1
210,119,2
210,119,2
210,119,25
176,151,41
176,150,22
176,151,2
176,152,1
176,152,3
176,151,1
176,151,1
177,151,3
177,151,5
177,151,4
177,152,2
177,152,1
177,152,1
177,152,7
177,152,25
211,115,13
212,116,18
211,116,2
211,116,3
211,116,6
211,115,25
208,171,5
208,171,6
208,172,8
208,172,9
208,172,1
208,172,1
208,171,1
209,171,4
209,170,1
209,170,8
209,170,10
210,170,5
210,171,2
209,169,22
208,168,3
208,167,6
209,167,33
209,167,5
219,161,4
219,161,2
219,161,2
219,161,7
219,161,1
220,161,1
220,161,3
220,162,5
220,162,2
220,162,6
220,161,1
220,161,1
220,161,4
220,161,1
221,161,1
221,161,11
222,161,37
183,138,2
182,138,1
182,138,1
182,139,1
182,139,1
182,139,2
182,139,1
182,139,7
182,139,1
182,139,1
182,140,2
182,140,1
182,140,1
183,140,18
183,140,1
182,140,5
183,139,2
183,139,1
183,139,20
183,138,15
182,138,15
182,138,3
183,139,2
183,139,2
183,139,67
183,139,1
182,139,1
182,139,15
182,139,11
182,139,12
182,139,1
183,139,3
184,139,21
184,139,13
184,139,1
184,138,8
183,139,2
203,131,1
203,130,1
203,130,6
203,130,28
204,130,1
203,130,19
202,130,5
202,130,5
202,129,1
203,129,3
203,129,2
203,129,3
203,129,1
203,129,1
203,128,1
203,128,25
185,121,1
185,122,2
185,122,6
185,122,53
185,122,1
185,122,1
185,122,1
185,122,1
195,132,15
195,132,15
195,132,16
195,132,2
195,132,1
195,132,1
195,132,1
195,132,2
195,131,1
195,131,5
196,131,6
197,130,1
197,130,1
197,130,1
197,130,1
197,130,1
197,130,1
197,130,5
197,130,1
197,130,6
197,130,3
197,130,1
196,130,2
196,130,7
195,130,1
195,130,13
194,130,11
194,129,8
194,129,1
194,129,2
194,129,1
194,129,5
193,130,11
193,130,19
193,129,5
194,130,1
194,129,4
194,129,5
194,129,7
193,129,1
193,129,1
193,129,5
193,129,2
193,129,6
193,129,12
192,129,1
192,129,1
192,129,2
191,129,7
191,129,3
191,129,4
191,130,4
191,131,2
191,132,18
191,132,2
191,133,21
190,133,11
190,133,3
190,133,3
190,133,2
190,133,1
190,133,16
190,132,24
190,132,45
190,132,18
190,132,5
190,132,12
190,132,1
190,132,1
189,132,8
201,155,1
201,155,7
201,155,1
201,155,3
200,155,1
201,155,13
200,155,20
200,154,4
200,154,1
200,154,1
200,154,1
200,154,7
200,154,2
200,154,8
200,154,1
200,154,2
200,154,1
200,155,13
201,155,12
201,155,1
201,155,1
201,154,1
201,154,4
201,154,1
200,154,1
200,154,3
200,154,4
200,154,1
199,154,4
199,155,11
199,155,2
199,155,11
200,156,7
200,156,14
200,156,3
199,157,2
199,157,25
189,161,1
189,161,1
189,160,6
189,160,5
189,160,1
189,160,13
196,159,3
196,159,3
196,159,8
196,159,2
196,159,1
196,159,1
196,159,1
197,159,1
197,159,1
197,159,1
197,159,1
197,159,22
197,159,5
197,158,8
197,159,1
198,159,8
199,159,13
199,159,2
199,159,2
199,159,1
199,159,12
197,158,1
197,158,9
197,158,1
197,159,2
197,159,19
197,159,1
197,158,3
197,158,29
197,158,6
197,158,10
197,158,14
196,158,25
196,158,7
195,157,1
195,157,1
195,157,1
195,157,1
195,157,1
195,157,12
195,158,52
195,158,1
195,158,1
195,159,84
196,159,2
196,159,1
196,159,3
195,159,12
195,158,3
194,158,10
194,158,3
194,159,6
195,158,4
195,159,5
195,159,5
177,156,2
177,156,15
177,157,5
177,157,7
177,156,1
177,156,1
177,157,1
177,157,1
177,157,2
177,157,3
177,157,8
177,157,4
177,157,1
177,157,1
177,157,1
177,157,2
177,157,1
177,157,1
177,157,13
176,157,1
176,157,2
176,157,1
176,157,1
176,157,2
176,157,1
176,157,1
176,157,3
176,157,13
176,157,15
176,157,2
176,157,2
176,156,1
176,156,1
175,156,2
175,156,13
174,156,12
174,156,15
174,157,25
180,143,1
180,143,1
179,143,2
179,143,3
179,143,12
178,143,6
178,143,1
178,143,1
178,143,1
178,143,25
214,133,1
214,132,1
214,132,1
214,132,2
214,132,5
214,132,9
214,132,1
214,132,27
214,132,3
214,132,50
214,132,2
214,132,1
213,132,7
213,132,2
213,132,10
213,132,3
213,133,17
213,133,1
213,133,2
213,133,5
213,132,2
213,132,1
213,132,1
213,131,1
213,131,5
213,131,13
214,131,12
214,131,17
214,131,9
214,131,5
214,131,30
214,130,8
214,131,2
214,130,6
214,130,4
214,130,5
214,130,1
213,130,1
213,130,15
213,130,4
213,129,15
213,129,5
213,129,4
213,130,4
214,130,4
214,130,2
214,130,16
215,130,2
215,130,25
200,143,3
200,143,1
199,143,2
199,143,2
198,143,1
198,143,2
198,142,3
198,143,2
199,142,5
199,142,2
199,142,9
199,141,10
199,141,1
199,142,2
199,141,1
199,141,2
199,141,1
199,141,1
199,140,6
198,140,4
197,140,8
197,139,4
198,139,5
199,139,14
200,139,10
200,139,4
200,139,9
200,139,2
200,138,3
201,138,1
201,138,3
201,138,10
202,139,1
202,139,5
202,138,3
202,138,1
202,138,3
202,138,2
203,138,5
203,138,25
174,149,1
174,148,1
174,148,1
174,148,10
174,148,7
174,148,2
174,148,4
174,148,7
174,148,9
174,148,2
174,148,2
174,147,3
174,147,7
174,147,11
174,147,2
174,147,25
191,144,4
191,144,10
191,144,1
192,144,2
190,144,2
190,143,9
190,143,2
190,143,1
189,143,2
189,143,2
189,143,4
190,143,3
190,144,6
190,144,1
207,170,0
162,137,0
207,153,0
178,124,0
211,125,0
214,168,0
163,113,0
167,169,0
221,125,0
173,158,0
167,146,0
219,165,0
182,156,0
175,161,0
218,126,0
187,133,0
198,155,0
178,172,0
181,170,0
223,112,0
204,121,0
225,165,0
176,159,0
202,158,0
195,111,0
182,157,0
203,142,0
225,121,0
163,133,0
183,146,0
196,146,0
224,130,0
191,114,0
202,143,0
167,126,0
224,128,0
195,125,0
